<?xml version="1.0" encoding="UTF-8"?>
<theme replace="1" cover="cover.jpg" name="Simple" version="4" uuid="7FE423C8-CA84-4F7E-8DFF-47744DF8D8A7" tag="utility">
	<filterTranslation>        	
		<titleTrans originalText="My Wonderful Moments" targetLanguage="zh_CN" targetText="美摄 记录美好生活"/>
		<trailerTrans originalText="MeiCam Film" targetLanguage="zh_CN" targetText="美摄 电影"/>
        </filterTranslation>
	<title file="preface.mp4">
		<filterList>
			<filter name="Caption" isEdit="1">
				<param id="Text" value="My Wonderful Moments"/>
				<param id="Font Size Ratio" value="0.1"/>
				<param id="Bold" value="0"/>
				<param id="Position" value="0,0.05"/>	
				<param id="Color" value="1, 1, 1, 1"/>			
				<param id="TextIn Duration" value="2000"/>
				<param id="TextIn Position" value="0,0.05"/>
				<menu id="TextIn Align X" value="Center"/>
				<param id="TextIn Scale" value="1.2"/>	
				<menu id="TextIn Scale Curve Type" value="Linear"/>		
			</filter>
		</filterList>
	</title>
	<trailer file="ending.mp4">
		<filterList>
			<filter name="Caption" isEdit="1">
				<param id="Text" value="MeiCam Film"/>
				<param id="Font Size Ratio" value="0.1"/>
				<param id="Bold" value="0"/>
				<param id="Position" value="0,0"/>
				<param id="Color" value="1, 1, 1, 1"/>
				<param id="TextIn Duration" value="2000"/>
				<param id="TextIn Position" value="0,0"/>
				<menu id="TextIn Align X" value="Center"/>
				<param id="TextIn Scale" value="1.2"/>	
				<menu id="TextIn Scale Curve Type" value="Linear"/>					
			</filter>
		</filterList>
	</trailer>
	<clips>
		<filterList>
		<filter name="Caption" occurrence="all" isEdit="1">
				<param id="Text" value=""/>
				<param id="Font Size Ratio" value="0.07"/>
				<param id="Bold" value="0"/>
				<param id="Position" value="0,-0.75"/>
				<param id="Color" value="1, 1, 1, 1"/>	
				<param id="Draw Shadow" value="1"/>
				<param id="Shadow Color" value="0,0,0,1"/>
				<param id="Shadow Offset X" value="5"/>	
				<param id="Shadow Offset Y" value="-5"/>
				<param id="TextHold Duration" value="3000"/>										
			</filter>		
		</filterList>
    </clips>
    <transitionList>
    	<transition name="Dip To Black" occurrence="indices" indices="0,-1">    		
   		</transition>
	<transition name="Fade" occurrence="all">
   		</transition>
    </transitionList>
    <musicTrack>
    	<music file="simple.m4a" isPath="1"/>
    </musicTrack>
    <translation>
        <entry originalText="Simple" targetLanguage="zh_CN" targetText="简约"/>
		<entry originalText="utility" targetLanguage="zh_CN" targetText="通用"/>
    </translation>
</theme>

