{
  "theme": {
    "replace": "1",
    "cover": "cover.jpg",
    "name": "Simple",
    "version": "4",
    "uuid": "7FE423C8CA844F7E8DFF47744DF8D8A7",
    "tag": "utility",
    "filterTranslation": {
      "titleTrans": {
        "originalText": "My Wonderful Moments",
        "targetLanguage": "zh_CN",
        "targetText": "美摄 记录美好生活"
      },
      "trailerTrans": {
        "originalText": "MeiCam Film",
        "targetLanguage": "zh_CN",
        "targetText": "美摄 电影"
      }
    },
    "title": {
      "file": "preface.mp4",
      "filterList": {
        "filter": {
          "name": "Caption",
          "isEdit": "1",
          "param": [
            {
              "id": "Text",
              "value": "My Wonderful Moments"
            },
            {
              "id": "Font Size Ratio",
              "value": "0.1"
            },
            {
              "id": "Bold",
              "value": "0"
            },
            {
              "id": "Position",
              "value": "0,0.05"
            },
            {
              "id": "Color",
              "value": "1, 1, 1, 1"
            },
            {
              "id": "TextIn Duration",
              "value": "2000"
            },
            {
              "id": "TextIn Position",
              "value": "0,0.05"
            },
            {
              "id": "TextIn Scale",
              "value": "1.2"
            }
          ],
          "menu": [
            {
              "id": "TextIn Align X",
              "value": "Center"
            },
            {
              "id": "TextIn Scale Curve Type",
              "value": "Linear"
            }
          ]
        }
      }
    },
    "trailer": {
      "file": "ending.mp4",
      "filterList": {
        "filter": {
          "name": "Caption",
          "isEdit": "1",
          "param": [
            {
              "id": "Text",
              "value": "MeiCam Film"
            },
            {
              "id": "Font Size Ratio",
              "value": "0.1"
            },
            {
              "id": "Bold",
              "value": "0"
            },
            {
              "id": "Position",
              "value": "0,0"
            },
            {
              "id": "Color",
              "value": "1, 1, 1, 1"
            },
            {
              "id": "TextIn Duration",
              "value": "2000"
            },
            {
              "id": "TextIn Position",
              "value": "0,0"
            },
            {
              "id": "TextIn Scale",
              "value": "1.2"
            }
          ],
          "menu": [
            {
              "id": "TextIn Align X",
              "value": "Center"
            },
            {
              "id": "TextIn Scale Curve Type",
              "value": "Linear"
            }
          ]
        }
      }
    },
    "clips": {
      "filterList": {
        "filter": {
          "name": "Caption",
          "occurrence": "all",
          "isEdit": "1",
          "param": [
            { "id": "Text" },
            {
              "id": "Font Size Ratio",
              "value": "0.07"
            },
            {
              "id": "Bold",
              "value": "0"
            },
            {
              "id": "Position",
              "value": "0,0.75"
            },
            {
              "id": "Color",
              "value": "1, 1, 1, 1"
            },
            {
              "id": "Draw Shadow",
              "value": "1"
            },
            {
              "id": "Shadow Color",
              "value": "0,0,0,1"
            },
            {
              "id": "Shadow Offset X",
              "value": "5"
            },
            {
              "id": "Shadow Offset Y",
              "value": "5"
            },
            {
              "id": "TextHold Duration",
              "value": "3000"
            }
          ]
        }
      }
    },
    "transitionList": {
      "transition": [
        {
          "name": "Dip To Black",
          "occurrence": "indices",
          "indices": "0,1"
        },
        {
          "name": "Fade",
          "occurrence": "all"
        }
      ]
    },
    "musicTrack": {
      "music": {
        "file": "simple.m4a",
        "isPath": "1"
      }
    },
    "translation": {
      "entry": [
        {
          "originalText": "Simple",
          "targetLanguage": "zh_CN",
          "targetText": "简约"
        },
        {
          "originalText": "utility",
          "targetLanguage": "zh_CN",
          "targetText": "通用"
        }
      ]
    }
  }
}