[
    {"id": "C219274C-DD39-43CF-948A-71ADB770A1DF", "comment": "闪电球"},
    {"id": "22A0F72E-7AFF-4751-9612-AB1E77176CA2", "comment": "元气美味"},
    {"id": "AB769A16-2B44-4757-959D-FDE7799EA43F", "comment": "小公举"},
    {"id": "4CF1ED3D-700E-43AE-897E-F7ADEC5BE55C", "comment": "红脸蛋"},
    {"id": "1CD12621-97F9-45FB-ADCE-818BB665FEA7", "comment": "宝石王冠"},
    {"id": "5C537361-89C8-42FE-A041-CBBBC3CE568C", "comment": "生日快乐"},
    {"id": "C48FDAB6-39FD-4155-B5CA-9430F9540C67", "comment": "蛋糕"},
    {"id": "F9800FBA-E236-4515-8CAE-BB1D69BDF67B", "comment": "Bling"},
    {"id": "40F9277D-D9C1-4191-A70E-ED88E84C8F15", "comment": "惊叹"},
    {"id": "AC7AD55F-6CD1-495A-BC9B-9478AFDCB7A5", "comment": "抽搐红花"},
    {"id": "FF7D798D-3077-452C-8A53-4E395ED6EC92", "comment": "小太阳"}
]
