<?xml version="1.0" encoding="UTF-8"?>
<storyboard sceneWidth="1280" sceneHeight="720" stickerCenterX="0" stickerCenterY="0" stickerWidth="350" stickerHeight="220" stickerPosterTimeHint="300" stickerDuration="1460">
	<!--左上-->
	<trackGroup>
		<track source="1.png" width="150" height="150" clipStart="0" clipDuration="360" repeat="true">
			<effect name="transform">
				<animation paramName="opacity">
					<key time="0" value="1"/>
					<key time="119" value="1"/>
					<key time="120" value="0"/>
					<key time="360" value="0"/>
				</animation>
			</effect>
		</track>
		<track source="2.png" width="150" height="150" clipStart="0" clipDuration="360" repeat="true">
			<effect name="transform">
				<animation paramName="opacity">
					<key time="0" value="0"/>
					<key time="119" value="0"/>
					<key time="120" value="1"/>
					<key time="239" value="1"/>
					<key time="240" value="0"/>
					<key time="360" value="0"/>
				</animation>
			</effect>
		</track>
		<track source="3.png" width="150" height="150" clipStart="0" clipDuration="360" repeat="true">
			<effect name="transform">
				<animation paramName="opacity">
					<key time="0" value="0"/>
					<key time="239" value="0"/>
					<key time="240" value="1"/>
					<key time="360" value="1"/>
				</animation>
			</effect>
		</track>
		<effect name="transform">
			<param name="scaleX" value="0.85"/>
			<param name="scaleY" value="0.85"/>
			<param name="transX" value="-130"/>
			<param name="transY" value="50"/>
		</effect>
	</trackGroup>
	<!--左下-->
	<trackGroup>
		<track source="3.png" width="150" height="150" clipStart="0" clipDuration="360" repeat="true">
			<effect name="transform">
				<animation paramName="opacity">
					<key time="0" value="1"/>
					<key time="119" value="1"/>
					<key time="120" value="0"/>
					<key time="360" value="0"/>
				</animation>
			</effect>
		</track>
		<track source="1.png" width="150" height="150" clipStart="0" clipDuration="360" repeat="true">
			<effect name="transform">
				<animation paramName="opacity">
					<key time="0" value="0"/>
					<key time="119" value="0"/>
					<key time="120" value="1"/>
					<key time="239" value="1"/>
					<key time="240" value="0"/>
					<key time="360" value="0"/>
				</animation>
			</effect>
		</track>
		<track source="2.png" width="150" height="150" clipStart="0" clipDuration="360" repeat="true">
			<effect name="transform">
				<animation paramName="opacity">
					<key time="0" value="0"/>
					<key time="239" value="0"/>
					<key time="240" value="1"/>
					<key time="360" value="1"/>
				</animation>
			</effect>
		</track>
		<effect name="transform">
			<param name="scaleX" value="0.6"/>
			<param name="scaleY" value="0.6"/>
			<param name="transX" value="-150"/>
			<param name="transY" value="-50"/>
		</effect>
	</trackGroup>
		<!--右-->
	<trackGroup>
		<track source="2.png" width="150" height="150" clipStart="0" clipDuration="360" repeat="true">
			<effect name="transform">
				<animation paramName="opacity">
					<key time="0" value="1"/>
					<key time="119" value="1"/>
					<key time="120" value="0"/>
					<key time="360" value="0"/>
				</animation>
			</effect>
		</track>
		<track source="3.png" width="150" height="150" clipStart="0" clipDuration="360" repeat="true">
			<effect name="transform">
				<animation paramName="opacity">
					<key time="0" value="0"/>
					<key time="119" value="0"/>
					<key time="120" value="1"/>
					<key time="239" value="1"/>
					<key time="240" value="0"/>
					<key time="360" value="0"/>
				</animation>
			</effect>
		</track>
		<track source="1.png" width="150" height="150" clipStart="0" clipDuration="360" repeat="true">
			<effect name="transform">
				<animation paramName="opacity">
					<key time="0" value="0"/>
					<key time="239" value="0"/>
					<key time="240" value="1"/>
					<key time="360" value="1"/>
				</animation>
			</effect>
		</track>
		<effect name="transform">
			<param name="transX" value="160"/>
			<param name="transY" value="10"/>
		</effect>
	</trackGroup>
</storyboard>
	