{
  "storyboard": {
    "sceneWidth": "1280",
    "sceneHeight": "720",
    "stickerCenterX": "0",
    "stickerCenterY": "0",
    "stickerWidth": "350",
    "stickerHeight": "220",
    "stickerPosterTimeHint": "300",
    "stickerDuration": "1460",
    "trackGroup": [
      {
        "track": [
          {
            "source": "1.png",
            "width": "150",
            "height": "150",
            "clipStart": "0",
            "clipDuration": "360",
            "repeat": "true",
            "effect": {
              "name": "transform",
              "animation": [{
                "paramName": "opacity",
                "key": [
                  {
                    "time": "0",
                    "value": "1"
                  },
                  {
                    "time": "119",
                    "value": "1"
                  },
                  {
                    "time": "120",
                    "value": "0"
                  },
                  {
                    "time": "360",
                    "value": "0"
                  }
                ]
              }]
            }
          },
          {
            "source": "2.png",
            "width": "150",
            "height": "150",
            "clipStart": "0",
            "clipDuration": "360",
            "repeat": "true",
            "effect": {
              "name": "transform",
              "animation": {
                "paramName": "opacity",
                "key": [
                  {
                    "time": "0",
                    "value": "0"
                  },
                  {
                    "time": "119",
                    "value": "0"
                  },
                  {
                    "time": "120",
                    "value": "1"
                  },
                  {
                    "time": "239",
                    "value": "1"
                  },
                  {
                    "time": "240",
                    "value": "0"
                  },
                  {
                    "time": "360",
                    "value": "0"
                  }
                ]
              }
            }
          },
          {
            "source": "3.png",
            "width": "150",
            "height": "150",
            "clipStart": "0",
            "clipDuration": "360",
            "repeat": "true",
            "effect": {
              "name": "transform",
              "animation": {
                "paramName": "opacity",
                "key": [
                  {
                    "time": "0",
                    "value": "0"
                  },
                  {
                    "time": "239",
                    "value": "0"
                  },
                  {
                    "time": "240",
                    "value": "1"
                  },
                  {
                    "time": "360",
                    "value": "1"
                  }
                ]
              }
            }
          }
        ],
        "effect": {
          "name": "transform",
          "param": [
            {
              "name": "scaleX",
              "value": "0.85"
            },
            {
              "name": "scaleY",
              "value": "0.85"
            },
            {
              "name": "transX",
              "value": "130"
            },
            {
              "name": "transY",
              "value": "50"
            }
          ]
        }
      },
      {
        "track": [
          {
            "source": "3.png",
            "width": "150",
            "height": "150",
            "clipStart": "0",
            "clipDuration": "360",
            "repeat": "true",
            "effect": {
              "name": "transform",
              "animation": {
                "paramName": "opacity",
                "key": [
                  {
                    "time": "0",
                    "value": "1"
                  },
                  {
                    "time": "119",
                    "value": "1"
                  },
                  {
                    "time": "120",
                    "value": "0"
                  },
                  {
                    "time": "360",
                    "value": "0"
                  }
                ]
              }
            }
          },
          {
            "source": "1.png",
            "width": "150",
            "height": "150",
            "clipStart": "0",
            "clipDuration": "360",
            "repeat": "true",
            "effect": {
              "name": "transform",
              "animation": {
                "paramName": "opacity",
                "key": [
                  {
                    "time": "0",
                    "value": "0"
                  },
                  {
                    "time": "119",
                    "value": "0"
                  },
                  {
                    "time": "120",
                    "value": "1"
                  },
                  {
                    "time": "239",
                    "value": "1"
                  },
                  {
                    "time": "240",
                    "value": "0"
                  },
                  {
                    "time": "360",
                    "value": "0"
                  }
                ]
              }
            }
          },
          {
            "source": "2.png",
            "width": "150",
            "height": "150",
            "clipStart": "0",
            "clipDuration": "360",
            "repeat": "true",
            "effect": {
              "name": "transform",
              "animation": {
                "paramName": "opacity",
                "key": [
                  {
                    "time": "0",
                    "value": "0"
                  },
                  {
                    "time": "239",
                    "value": "0"
                  },
                  {
                    "time": "240",
                    "value": "1"
                  },
                  {
                    "time": "360",
                    "value": "1"
                  }
                ]
              }
            }
          }
        ],
        "effect": {
          "name": "transform",
          "param": [
            {
              "name": "scaleX",
              "value": "0.6"
            },
            {
              "name": "scaleY",
              "value": "0.6"
            },
            {
              "name": "transX",
              "value": "150"
            },
            {
              "name": "transY",
              "value": "50"
            }
          ]
        }
      },
      {
        "track": [
          {
            "source": "2.png",
            "width": "150",
            "height": "150",
            "clipStart": "0",
            "clipDuration": "360",
            "repeat": "true",
            "effect": {
              "name": "transform",
              "animation": {
                "paramName": "opacity",
                "key": [
                  {
                    "time": "0",
                    "value": "1"
                  },
                  {
                    "time": "119",
                    "value": "1"
                  },
                  {
                    "time": "120",
                    "value": "0"
                  },
                  {
                    "time": "360",
                    "value": "0"
                  }
                ]
              }
            }
          },
          {
            "source": "3.png",
            "width": "150",
            "height": "150",
            "clipStart": "0",
            "clipDuration": "360",
            "repeat": "true",
            "effect": {
              "name": "transform",
              "animation": {
                "paramName": "opacity",
                "key": [
                  {
                    "time": "0",
                    "value": "0"
                  },
                  {
                    "time": "119",
                    "value": "0"
                  },
                  {
                    "time": "120",
                    "value": "1"
                  },
                  {
                    "time": "239",
                    "value": "1"
                  },
                  {
                    "time": "240",
                    "value": "0"
                  },
                  {
                    "time": "360",
                    "value": "0"
                  }
                ]
              }
            }
          },
          {
            "source": "1.png",
            "width": "150",
            "height": "150",
            "clipStart": "0",
            "clipDuration": "360",
            "repeat": "true",
            "effect": {
              "name": "transform",
              "animation": {
                "paramName": "opacity",
                "key": [
                  {
                    "time": "0",
                    "value": "0"
                  },
                  {
                    "time": "239",
                    "value": "0"
                  },
                  {
                    "time": "240",
                    "value": "1"
                  },
                  {
                    "time": "360",
                    "value": "1"
                  }
                ]
              }
            }
          }
        ],
        "effect": {
          "name": "transform",
          "param": [
            {
              "name": "transX",
              "value": "160"
            },
            {
              "name": "transY",
              "value": "10"
            }
          ]
        }
      }
    ]
  }
}