{
  "storyboard": {
    "sceneWidth": "1280",
    "sceneHeight": "720",
    "stickerCenterX": "0",
    "stickerCenterY": "0",
    "stickerWidth": "320",
    "stickerHeight": "100",
    "stickerPosterTimeHint": "500",
    "stickerDuration": "3000",
    "trackGroup": {
      "track": [
        {
          "source": "di.png",
          "width": "244",
          "height": "140",
          "clipStart": "0",
          "clipDuration": "300",
          "effect": {
            "name": "transform",
            "animation": [
              {
                "paramName": "scaleX",
                "key": [
                  {
                    "time": "0",
                    "value": "0"
                  },
                  {
                    "time": "200",
                    "value": "1.2"
                  },
                  {
                    "time": "300",
                    "value": "1.2"
                  }
                ]
              },
              {
                "paramName": "scaleY",
                "key": [
                  {
                    "time": "0",
                    "value": "0"
                  },
                  {
                    "time": "200",
                    "value": "1.2"
                  },
                  {
                    "time": "300",
                    "value": "1.2"
                  }
                ]
              }
            ],
            "param": {
              "name": "transX",
              "value": "180"
            }
          }
        },
        {
          "source": "di.png",
          "width": "244",
          "height": "140",
          "clipStart": "300",
          "clipDuration": "160",
          "repeat": "true",
          "effect": {
            "name": "transform",
            "param": [
              {
                "name": "scaleX",
                "value": "1.2"
              },
              {
                "name": "scaleY",
                "value": "1.2"
              },
              {
                "name": "transX",
                "value": "180"
              }
            ]
          }
        },
        {
          "source": "di.png",
          "width": "244",
          "height": "140",
          "clipStart": "0",
          "clipDuration": "300",
          "effect": {
            "name": "transform",
            "animation": [
              {
                "paramName": "scaleX",
                "key": [
                  {
                    "time": "0",
                    "value": "0"
                  },
                  {
                    "time": "200",
                    "value": "1.2"
                  },
                  {
                    "time": "300",
                    "value": "1.2"
                  }
                ]
              },
              {
                "paramName": "scaleY",
                "key": [
                  {
                    "time": "0",
                    "value": "0"
                  },
                  {
                    "time": "200",
                    "value": "1.2"
                  },
                  {
                    "time": "300",
                    "value": "1.2"
                  }
                ]
              }
            ],
            "param": {
              "name": "transX",
              "value": "190"
            }
          }
        },
        {
          "source": "di.png",
          "width": "244",
          "height": "140",
          "clipStart": "300",
          "clipDuration": "160",
          "repeat": "true",
          "effect": {
            "name": "transform",
            "param": [
              {
                "name": "scaleX",
                "value": "1.2"
              },
              {
                "name": "scaleY",
                "value": "1.2"
              },
              {
                "name": "transX",
                "value": "190"
              }
            ]
          }
        },
        {
          "source": "2.png",
          "width": "562",
          "height": "106",
          "clipStart": "300",
          "clipDuration": "160",
          "effect": {
            "name": "transform",
            "animation": {
              "paramName": "opacity",
              "key": [
                {
                  "time": "0",
                  "value": "0"
                },
                {
                  "time": "159",
                  "value": "1"
                },
                {
                  "time": "160",
                  "value": "0"
                }
              ]
            }
          }
        },
        {
          "source": "1.png",
          "width": "562",
          "height": "106",
          "clipStart": "460",
          "clipDuration": "320",
          "repeat": "true",
          "effect": {
            "name": "transform",
            "animation": {
              "paramName": "opacity",
              "key": [
                {
                  "time": "0",
                  "value": "1"
                },
                {
                  "time": "159",
                  "value": "1"
                },
                {
                  "time": "160",
                  "value": "0"
                },
                {
                  "time": "320",
                  "value": "0"
                }
              ]
            }
          }
        },
        {
          "source": "2.png",
          "width": "562",
          "height": "106",
          "clipStart": "460",
          "clipDuration": "320",
          "repeat": "true",
          "effect": {
            "name": "transform",
            "animation": {
              "paramName": "opacity",
              "key": [
                {
                  "time": "0",
                  "value": "0"
                },
                {
                  "time": "159",
                  "value": "0"
                },
                {
                  "time": "160",
                  "value": "1"
                },
                {
                  "time": "320",
                  "value": "1"
                }
              ]
            }
          }
        }
      ],
      "effect": {
        "name": "transform",
        "param": [
          {
            "name": "scaleX",
            "value": "0.6"
          },
          {
            "name": "scaleY",
            "value": "0.6"
          }
        ],
        "animation": {
          "paramName": "transX",
          "wrapMode": "repeat",
          "key": [
            {
              "time": "0",
              "value": "10"
            },
            {
              "time": "159",
              "value": "10"
            },
            {
              "time": "160",
              "value": "5"
            },
            {
              "time": "320",
              "value": "5"
            }
          ]
        }
      }
    }
  }
}