<?xml version="1.0" encoding="UTF-8"?>
<storyboard sceneWidth="1280" sceneHeight="720" stickerCenterX="0" stickerCenterY="0" stickerWidth="320" stickerHeight="100" stickerPosterTimeHint="500" stickerDuration="3000">
	<trackGroup>
	<!--左边红脸底图-->
		<track source="di.png" width="244" height="140" clipStart="0" clipDuration="300">
			<effect name="transform">
				<animation paramName="scaleX">
					<key time="0" value="0"/>
					<key time="200" value="1.2"/>
					<key time="300" value="1.2"/>
				</animation>
				<animation paramName="scaleY">
					<key time="0" value="0"/>
					<key time="200" value="1.2"/>
					<key time="300" value="1.2"/>
				</animation>
				<param name="transX" value="-180"/>
			</effect>
		</track>
		<track source="di.png" width="244" height="140" clipStart="300" clipDuration="160" repeat="true">
			<effect name="transform">
				<param name="scaleX" value="1.2"/>
				<param name="scaleY" value="1.2"/>
				<param name="transX" value="-180"/>
			</effect>
		</track>
	<!--右边红脸底图-->
		<track source="di.png" width="244" height="140" clipStart="0" clipDuration="300">
			<effect name="transform">
				<animation paramName="scaleX">
					<key time="0" value="0"/>
					<key time="200" value="1.2"/>
					<key time="300" value="1.2"/>
				</animation>
				<animation paramName="scaleY">
					<key time="0" value="0"/>
					<key time="200" value="1.2"/>
					<key time="300" value="1.2"/>
				</animation>
				<param name="transX" value="190"/>
			</effect>
		</track>
		<track source="di.png" width="244" height="140" clipStart="300" clipDuration="160" repeat="true">
			<effect name="transform">
				<param name="scaleX" value="1.2"/>
				<param name="scaleY" value="1.2"/>
				<param name="transX" value="190"/>
			</effect>
		</track>
	<!--白线-->
		<track source="2.png" width="562" height="106" clipStart="300" clipDuration="160">
			<effect name="transform">
				<animation paramName="opacity">
					<key time="0" value="0"/>
					<key time="159" value="1"/>
					<key time="160" value="0"/>
				</animation>
			</effect>
		</track>
		<track source="1.png" width="562" height="106" clipStart="460" clipDuration="320" repeat="true">
			<effect name="transform">
				<animation paramName="opacity">
					<key time="0" value="1"/>
					<key time="159" value="1"/>
					<key time="160" value="0"/>
					<key time="320" value="0"/>
				</animation>
			</effect>
		</track>
		<track source="2.png" width="562" height="106" clipStart="460" clipDuration="320" repeat="true">
			<effect name="transform">
				<animation paramName="opacity">
					<key time="0" value="0"/>
					<key time="159" value="0"/>
					<key time="160" value="1"/>
					<key time="320" value="1"/>
				</animation>
			</effect>
		</track>
		<effect name="transform">
			<param name="scaleX" value="0.6"/>
			<param name="scaleY" value="0.6"/>
			<animation paramName="transX" wrapMode="repeat">
				<key time="0" value="-10"/>
				<key time="159" value="-10"/>
				<key time="160" value="-5"/>
				<key time="320" value="-5"/>
			</animation>
		</effect>
	</trackGroup>
</storyboard>
	