<?xml version="1.0" encoding="UTF-8"?>
<storyboard sceneWidth="1280" sceneHeight="720" stickerCenterX="0" stickerCenterY="0" stickerWidth="360" stickerHeight="320" stickerPosterTimeHint="1000" stickerDuration="3000">	
<trackGroup>
<trackGroup>
<!--第一层-->
	<track source="cake1.png" width="401" height="91" clipStart="0" clipDuration="500">
		<effect name="transform">
			<animation paramName="scaleX">
				<key time="0" value="0"/>
				<key time="400" value="1.2"/>
				<key time="500" value="1"/>
			</animation>
			<animation paramName="scaleY">
				<key time="0" value="0"/>
				<key time="400" value="1.2"/>
				<key time="500" value="1"/>
			</animation>
			<animation paramName="opacity">
				<key time="0" value="0"/>
				<key time="500" value="1"/>
			</animation>
		</effect>
	</track>
	<track source="cake1.png" width="401" height="91" clipStart="500" clipDuration="1" repeat="true">
	</track>
	

	
<!--第三层-->
	<track source="cake3.png" width="328" height="78" clipStart="100" clipDuration="500">
		<effect name="transform">
			<animation paramName="scaleX">
				<key time="0" value="1"/>
				<key time="400" value="1.1"/>
				<key time="500" value="1"/>
			</animation>
			<animation paramName="scaleY">
				<key time="0" value="1"/>
				<key time="400" value="1.1"/>
				<key time="500" value="1"/>
			</animation>
			<animation paramName="transY">
				<key time="0" value="150"/>
				<key time="400" value="40"/>
				<key time="500" value="50"/>
			</animation>
			<animation paramName="opacity">
				<key time="0" value="0"/>
				<key time="300" value="1"/>
				<key time="500" value="1"/>
			</animation>
		</effect>
	</track>
	<track source="cake3.png" width="328" height="78" clipStart="600" clipDuration="1" repeat="true">
		<effect name="transform">
			<param name="transY" value="50"/>
		</effect>
	</track>
	
<!--第二层-->
	<track source="cake2.png" width="312" height="59" clipStart="0" clipDuration="500">
		<effect name="transform">
			<animation paramName="scaleX">
				<key time="0" value="1"/>
				<key time="400" value="1.1"/>
				<key time="500" value="1"/>
			</animation>
			<animation paramName="scaleY">
				<key time="0" value="1"/>
				<key time="400" value="1.1"/>
				<key time="500" value="1"/>
			</animation>
			<animation paramName="transY">
				<key time="0" value="100"/>
				<key time="400" value="10"/>
				<key time="500" value="20"/>
			</animation>
			<animation paramName="opacity">
				<key time="0" value="0"/>
				<key time="300" value="1"/>
				<key time="500" value="1"/>
			</animation>
		</effect>
	</track>
	<track source="cake2.png" width="312" height="59" clipStart="500" clipDuration="1" repeat="true">
		<effect name="transform">
			<param name="transY" value="20"/>
		</effect>
	</track>
	
<!--第四层-->
	<track source="cake4.png" width="331" height="71" clipStart="200" clipDuration="500">
		<effect name="transform">
			<animation paramName="scaleX">
				<key time="0" value="1"/>
				<key time="400" value="1.1"/>
				<key time="500" value="1"/>
			</animation>
			<animation paramName="scaleY">
				<key time="0" value="1"/>
				<key time="400" value="1.1"/>
				<key time="500" value="1"/>
			</animation>
			<animation paramName="transY">
				<key time="0" value="200"/>
				<key time="400" value="70"/>
				<key time="500" value="85"/>
			</animation>
			<animation paramName="opacity">
				<key time="0" value="0"/>
				<key time="300" value="1"/>
				<key time="500" value="1"/>
			</animation>
		</effect>
	</track>
	<track source="cake4.png" width="331" height="71" clipStart="700" clipDuration="1" repeat="true">
		<effect name="transform">
			<param name="transY" value="85"/>
		</effect>
	</track>
	
<!--蜡烛一层-->
	<track source="lazhu1.png" width="29" height="70" clipStart="400" clipDuration="500">
		<effect name="transform">
			<animation paramName="scaleX">
				<key time="0" value="1"/>
				<key time="400" value="1.1"/>
				<key time="500" value="1"/>
			</animation>
			<animation paramName="scaleY">
				<key time="0" value="1"/>
				<key time="400" value="1.1"/>
				<key time="500" value="1"/>
			</animation>
			<param name="transX" value="-90"/>
			<animation paramName="transY">
				<key time="0" value="280"/>
				<key time="500" value="200"/>
			</animation>
			<animation paramName="opacity">
				<key time="200" value="0"/>
				<key time="500" value="1"/>
			</animation>
		</effect>
	</track>
	<track source="lazhu1.png" width="29" height="70" clipStart="900" clipDuration="1" repeat="true">
		<effect name="transform">
			<param name="transX" value="-90"/>
			<param name="transY" value="200"/>
		</effect>
	</track>
<!--火焰层1-->
	<trackGroup>
	<track source="huoyan2.png" width="12" height="19" clipStart="900" clipDuration="500">
		<effect name="transform">
			<animation paramName="scaleX">
				<key time="0" value="0"/>
				<key time="400" value="1.3"/>
				<key time="500" value="1.2"/>
			</animation>
			<animation paramName="scaleY">
				<key time="0" value="0"/>
				<key time="400" value="1.3"/>
				<key time="500" value="1.2"/>
			</animation>
			<param name="transX" value="-96"/>
			<param name="transY" value="230"/>
			<animation paramName="opacity">
				<key time="0" value="0"/>
				<key time="500" value="1"/>
			</animation>
		</effect>
	</track>
	<track source="huoyan2.png" width="12" height="19" clipStart="1400" clipDuration="2000" repeat="true">
		<effect name="transform">
			<animation paramName="scaleX" wrapMode="intervalRepeat" intervalLength="500">
				<key time="0" value="1.2"/>
				<key time="250" value="1.5"/>
				<key time="500" value="1.2"/>
			</animation>
			<animation paramName="scaleY" wrapMode="intervalRepeat" intervalLength="500">
				<key time="0" value="1.2"/>
				<key time="250" value="1.5"/>
				<key time="500" value="1.2"/>
			</animation>
			<param name="transX" value="-96"/>
			<param name="transY" value="230"/>
		</effect>
	</track>
	</trackGroup>
<!--蜡烛三层-->
	<track source="lazhu3.png" width="21" height="84" clipStart="480" clipDuration="500">
		<effect name="transform">
			<animation paramName="scaleX">
				<key time="0" value="1"/>
				<key time="400" value="1.1"/>
				<key time="500" value="1"/>
			</animation>
			<animation paramName="scaleY">
				<key time="0" value="1"/>
				<key time="400" value="1.1"/>
				<key time="500" value="1"/>
			</animation>
			<param name="transX" value="10"/>
			<animation paramName="transY">
				<key time="0" value="280"/>
				<key time="500" value="200"/>
			</animation>
			<animation paramName="opacity">
				<key time="200" value="0"/>
				<key time="500" value="1"/>
			</animation>
		</effect>
	</track>
	<track source="lazhu3.png" width="21" height="84" clipStart="980" clipDuration="1" repeat="true">
		<effect name="transform">
			<param name="transX" value="10"/>
			<param name="transY" value="200"/>
		</effect>
	</track>
	
<!--火焰层3-->
	<trackGroup>
	<track source="huoyan2.png" width="12" height="19" clipStart="900" clipDuration="500">
		<effect name="transform">
			<animation paramName="scaleX">
				<key time="0" value="0"/>
				<key time="400" value="1.7"/>
				<key time="500" value="1.6"/>
			</animation>
			<animation paramName="scaleY">
				<key time="0" value="0"/>
				<key time="400" value="1.7"/>
				<key time="500" value="1.6"/>
			</animation>
			<param name="transX" value="8"/>
			<param name="transY" value="235"/>
			<animation paramName="opacity">
				<key time="0" value="0"/>
				<key time="500" value="1"/>
			</animation>
		</effect>
	</track>
	<track source="huoyan2.png" width="12" height="19" clipStart="1400" clipDuration="2000" repeat="true">
		<effect name="transform">
			<animation paramName="scaleX" wrapMode="intervalRepeat" intervalLength="500">
				<key time="0" value="1.6"/>
				<key time="250" value="1.8"/>
				<key time="500" value="1.6"/>
			</animation>
			<animation paramName="scaleY" wrapMode="intervalRepeat" intervalLength="500">
				<key time="0" value="1.6"/>
				<key time="250" value="1.8"/>
				<key time="500" value="1.6"/>
			</animation>
			<param name="transX" value="8"/>
			<param name="transY" value="235"/>
		</effect>
	</track>
	</trackGroup>
<!--蜡烛五层-->
	<track source="lazhu5.png" width="29" height="73" clipStart="500" clipDuration="500">
		<effect name="transform">
			<animation paramName="scaleX">
				<key time="0" value="1"/>
				<key time="400" value="1.1"/>
				<key time="500" value="1"/>
			</animation>
			<animation paramName="scaleY">
				<key time="0" value="1"/>
				<key time="400" value="1.1"/>
				<key time="500" value="1"/>
			</animation>
			<param name="transX" value="125"/>
			<animation paramName="transY">
				<key time="0" value="280"/>
				<key time="500" value="180"/>
			</animation>
			<animation paramName="opacity">
				<key time="200" value="0"/>
				<key time="500" value="1"/>
			</animation>
		</effect>
	</track>
	<track source="lazhu5.png" width="29" height="73" clipStart="1000" clipDuration="1" repeat="true">
		<effect name="transform">
			<param name="transX" value="125"/>
			<param name="transY" value="180"/>
		</effect>
	</track>
<!--火焰层5-->
	<trackGroup>
	<track source="huoyan2.png" width="12" height="19" clipStart="900" clipDuration="500">
		<effect name="transform">
			<animation paramName="scaleX">
				<key time="0" value="0"/>
				<key time="400" value="1.6"/>
				<key time="500" value="1.5"/>
			</animation>
			<animation paramName="scaleY">
				<key time="0" value="0"/>
				<key time="400" value="1.6"/>
				<key time="500" value="1.5"/>
			</animation>
			<param name="transX" value="128"/>
			<param name="transY" value="210"/>
			<animation paramName="opacity">
				<key time="0" value="0"/>
				<key time="500" value="1"/>
			</animation>
		</effect>
	</track>
	<track source="huoyan2.png" width="12" height="19" clipStart="1400" clipDuration="2000" repeat="true">
		<effect name="transform">
			<animation paramName="scaleX" wrapMode="intervalRepeat" intervalLength="500">
				<key time="0" value="1.5"/>
				<key time="250" value="1.7"/>
				<key time="500" value="1.5"/>
			</animation>
			<animation paramName="scaleY" wrapMode="intervalRepeat" intervalLength="500">
				<key time="0" value="1.5"/>
				<key time="250" value="1.7"/>
				<key time="500" value="1.5"/>
			</animation>
			<param name="transX" value="128"/>
			<param name="transY" value="210"/>
		</effect>
	</track>
	</trackGroup>

<!--第五层-->
	<track source="cake5.png" width="341" height="99" clipStart="300" clipDuration="500">
		<effect name="transform">
			<animation paramName="scaleX">
				<key time="0" value="1.3"/>
				<key time="400" value="0.9"/>
				<key time="500" value="1"/>
			</animation>
			<animation paramName="scaleY">
				<key time="0" value="1"/>
				<key time="400" value="1.1"/>
				<key time="500" value="1"/>
			</animation>
			<animation paramName="transY">
				<key time="0" value="280"/>
				<key time="100" value="280"/>
				<key time="400" value="110"/>
				<key time="500" value="130"/>
			</animation>
			<animation paramName="opacity">
				<key time="0" value="0"/>
				<key time="300" value="1"/>
				<key time="500" value="1"/>
			</animation>
		</effect>
	</track>
	<track source="cake5.png" width="341" height="99" clipStart="800" clipDuration="1" repeat="true">
		<effect name="transform">
			<param name="transY" value="130"/>
		</effect>
	</track>
	
<!--蜡烛二层-->
	<track source="lazhu2.png" width="29" height="84" clipStart="450" clipDuration="500">
		<effect name="transform">
			<animation paramName="scaleX">
				<key time="0" value="1"/>
				<key time="400" value="1.1"/>
				<key time="500" value="1"/>
			</animation>
			<animation paramName="scaleY">
				<key time="0" value="1"/>
				<key time="400" value="1.1"/>
				<key time="500" value="1"/>
			</animation>
			<param name="transX" value="-40"/>
			<animation paramName="transY">
				<key time="300" value="250" curveMode="inOutQuad" 
	curvePeriod="0.5" curveAmplitude="1" curveOvershoot="1.7"/>
				<key time="500" value="170"/>
			</animation>
			<animation paramName="opacity">
				<key time="0" value="0"/>
				<key time="200" value="0"/>
				<key time="500" value="1"/>
			</animation>
		</effect>
	</track>
	<track source="lazhu2.png" width="29" height="84" clipStart="950" clipDuration="1" repeat="true">
		<effect name="transform">
			<param name="transX" value="-40"/>
			<param name="transY" value="170"/>
		</effect>
	</track>
<!--火焰层2-->
	<trackGroup>
	<track source="huoyan2.png" width="12" height="19" clipStart="900" clipDuration="500">
		<effect name="transform">
			<animation paramName="scaleX">
				<key time="0" value="0"/>
				<key time="400" value="1.2"/>
				<key time="500" value="1.1"/>
			</animation>
			<animation paramName="scaleY">
				<key time="0" value="0"/>
				<key time="400" value="1.2"/>
				<key time="500" value="1.1"/>
			</animation>
			<param name="transX" value="-45"/>
			<param name="transY" value="220"/>
			<animation paramName="opacity">
				<key time="0" value="0"/>
				<key time="500" value="1"/>
			</animation>
		</effect>
	</track>
	<track source="huoyan2.png" width="12" height="19" clipStart="1400" clipDuration="2000" repeat="true">
		<effect name="transform">
			<animation paramName="scaleX" wrapMode="intervalRepeat" intervalLength="500">
				<key time="0" value="1.1"/>
				<key time="250" value="1.3"/>
				<key time="500" value="1.1"/>
			</animation>
			<animation paramName="scaleY" wrapMode="intervalRepeat" intervalLength="500">
				<key time="0" value="1.1"/>
				<key time="250" value="1.2"/>
				<key time="500" value="1.1"/>
			</animation>
			<param name="transX" value="-45"/>
			<param name="transY" value="220"/>
		</effect>
	</track>
	</trackGroup>
<!--蜡烛四层-->
	<track source="lazhu4.png" width="21" height="81" clipStart="520" clipDuration="500">
		<effect name="transform">
			<animation paramName="scaleX">
				<key time="0" value="1"/>
				<key time="400" value="1.1"/>
				<key time="500" value="1"/>
			</animation>
			<animation paramName="scaleY">
				<key time="0" value="1"/>
				<key time="400" value="1.1"/>
				<key time="500" value="1"/>
			</animation>
			<param name="transX" value="55"/>
			<animation paramName="transY">
				<key time="0" value="280"/>
				<key time="500" value="170"/>
			</animation>
			<animation paramName="opacity">
				<key time="200" value="0"/>
				<key time="500" value="1"/>
			</animation>
		</effect>
	</track>
	<track source="lazhu4.png" width="21" height="81" clipStart="1020" clipDuration="1" repeat="true">
		<effect name="transform">
			<param name="transX" value="55"/>
			<param name="transY" value="170"/>
		</effect>
	</track>
<!--火焰层4-->
	<trackGroup>
	<track source="huoyan2.png" width="12" height="19" clipStart="900" clipDuration="500">
		<effect name="transform">
			<animation paramName="scaleX">
				<key time="0" value="0"/>
				<key time="400" value="1.4"/>
				<key time="500" value="1.3"/>
			</animation>
			<animation paramName="scaleY">
				<key time="0" value="0"/>
				<key time="400" value="1.4"/>
				<key time="500" value="1.3"/>
			</animation>
			<param name="transX" value="53"/>
			<param name="transY" value="205"/>
			<animation paramName="opacity">
				<key time="0" value="0"/>
				<key time="500" value="1"/>
			</animation>
		</effect>
	</track>
	<track source="huoyan2.png" width="12" height="19" clipStart="1400" clipDuration="2000" repeat="true">
		<effect name="transform">
			<animation paramName="scaleX" wrapMode="intervalRepeat" intervalLength="500">
				<key time="0" value="1.3"/>
				<key time="250" value="1.5"/>
				<key time="500" value="1.3"/>
			</animation>
			<animation paramName="scaleY" wrapMode="intervalRepeat" intervalLength="500">
				<key time="0" value="1.3"/>
				<key time="250" value="1.5"/>
				<key time="500" value="1.3"/>
			</animation>
			<param name="transX" value="53"/>
			<param name="transY" value="205"/>
		</effect>
	</track>
	</trackGroup>
		<effect name="transform">
			<animation paramName="scaleX" wrapMode="intervalRepeat" intervalLength="2000">
				<key time="0" value="1"/>
				<key time="1000" value="1.1"/>
				<key time="2000" value="1"/>
			</animation>
			<animation paramName="scaleY" wrapMode="intervalRepeat" intervalLength="2000">
				<key time="0" value="1"/>
				<key time="1000" value="1.1"/>
				<key time="2000" value="1"/>
			</animation>
		</effect>
</trackGroup>
<trackGroup>
<!--礼花层-->
	<trackGroup>
		<track source="bai2.png" width="53" height="4" clipStart="1000" clipDuration="500">
			<effect name="transform">
				<animation paramName="anchorX">
					<key time="0" value="26.5"/>
				</animation>
				<animation paramName="scaleX">
					<key time="0" value="1"/>
					<key time="500" value="0"/>
				</animation>
				<animation paramName="transX">
					<key time="0" value="0"/>
					<key time="500" value="100"/>
				</animation>
			</effect>
		</track>
		<effect name="transform">
			<param name="rotationZ" value="0"/>
		</effect>
	</trackGroup>
	<trackGroup>
		<track source="bai2.png" width="53" height="4" clipStart="1000" clipDuration="500">
			<effect name="transform">
				<animation paramName="anchorX">
					<key time="0" value="26.5"/>
				</animation>
				<animation paramName="scaleX">
					<key time="0" value="1"/>
					<key time="500" value="0"/>
				</animation>
				<animation paramName="transX">
					<key time="0" value="0"/>
					<key time="500" value="100"/>
				</animation>
			</effect>
		</track>
		<effect name="transform">
			<param name="rotationZ" value="60"/>
		</effect>
	</trackGroup>
	<trackGroup>
		<track source="bai2.png" width="53" height="4" clipStart="1000" clipDuration="500">
			<effect name="transform">
				<animation paramName="anchorX">
					<key time="0" value="26.5"/>
				</animation>
				<animation paramName="scaleX">
					<key time="0" value="1"/>
					<key time="500" value="0"/>
				</animation>
				<animation paramName="transX">
					<key time="0" value="0"/>
					<key time="500" value="100"/>
				</animation>
			</effect>
		</track>
		<effect name="transform">
			<param name="rotationZ" value="120"/>
		</effect>
	</trackGroup>
	<trackGroup>
		<track source="bai2.png" width="53" height="4" clipStart="1000" clipDuration="500">
			<effect name="transform">
				<animation paramName="anchorX">
					<key time="0" value="26.5"/>
				</animation>
				<animation paramName="scaleX">
					<key time="0" value="1"/>
					<key time="500" value="0"/>
				</animation>
				<animation paramName="transX">
					<key time="0" value="0"/>
					<key time="500" value="100"/>
				</animation>
			</effect>
		</track>
		<effect name="transform">
			<param name="rotationZ" value="180"/>
		</effect>
	</trackGroup>
	<trackGroup>
		<track source="bai2.png" width="53" height="4" clipStart="1000" clipDuration="500">
			<effect name="transform">
				<animation paramName="anchorX">
					<key time="0" value="26.5"/>
				</animation>
				<animation paramName="scaleX">
					<key time="0" value="1"/>
					<key time="500" value="0"/>
				</animation>
				<animation paramName="transX">
					<key time="0" value="0"/>
					<key time="500" value="100"/>
				</animation>
			</effect>
		</track>
		<effect name="transform">
			<param name="rotationZ" value="240"/>
		</effect>
	</trackGroup>
	<trackGroup>
	<track source="bai2.png" width="53" height="4" clipStart="1000" clipDuration="500">
		<effect name="transform">
			<animation paramName="anchorX">
				<key time="0" value="26.5"/>
			</animation>
			<animation paramName="scaleX">
				<key time="0" value="1"/>
				<key time="500" value="0"/>
			</animation>
			<animation paramName="transX">
				<key time="0" value="0"/>
				<key time="500" value="100"/>
			</animation>
		</effect>
	</track>
	<effect name="transform">
		<param name="rotationZ" value="300"/>
	</effect>
</trackGroup>
	<effect name="transform">
		<param name="transX" value="-130"/>
		<param name="transY" value="180"/>
	</effect>
</trackGroup>

<trackGroup>
<!--礼花层2-->
	<trackGroup>
		<track source="bai2.png" width="53" height="4" clipStart="1200" clipDuration="500">
			<effect name="transform">
				<animation paramName="anchorX">
					<key time="0" value="26.5"/>
				</animation>
				<animation paramName="scaleX">
					<key time="0" value="1"/>
					<key time="500" value="0"/>
				</animation>
				<animation paramName="transX">
					<key time="0" value="0"/>
					<key time="500" value="100"/>
				</animation>
			</effect>
		</track>
		<effect name="transform">
			<param name="rotationZ" value="0"/>
		</effect>
	</trackGroup>
	<trackGroup>
		<track source="bai2.png" width="53" height="4" clipStart="1200" clipDuration="500">
			<effect name="transform">
				<animation paramName="anchorX">
					<key time="0" value="26.5"/>
				</animation>
				<animation paramName="scaleX">
					<key time="0" value="1"/>
					<key time="500" value="0"/>
				</animation>
				<animation paramName="transX">
					<key time="0" value="0"/>
					<key time="500" value="100"/>
				</animation>
			</effect>
		</track>
		<effect name="transform">
			<param name="rotationZ" value="60"/>
		</effect>
	</trackGroup>
	<trackGroup>
		<track source="bai2.png" width="53" height="4" clipStart="1200" clipDuration="500">
			<effect name="transform">
				<animation paramName="anchorX">
					<key time="0" value="26.5"/>
				</animation>
				<animation paramName="scaleX">
					<key time="0" value="1"/>
					<key time="500" value="0"/>
				</animation>
				<animation paramName="transX">
					<key time="0" value="0"/>
					<key time="500" value="100"/>
				</animation>
			</effect>
		</track>
		<effect name="transform">
			<param name="rotationZ" value="120"/>
		</effect>
	</trackGroup>
	<trackGroup>
		<track source="bai2.png" width="53" height="4" clipStart="1200" clipDuration="500">
			<effect name="transform">
				<animation paramName="anchorX">
					<key time="0" value="26.5"/>
				</animation>
				<animation paramName="scaleX">
					<key time="0" value="1"/>
					<key time="500" value="0"/>
				</animation>
				<animation paramName="transX">
					<key time="0" value="0"/>
					<key time="500" value="100"/>
				</animation>
			</effect>
		</track>
		<effect name="transform">
			<param name="rotationZ" value="180"/>
		</effect>
	</trackGroup>
	<trackGroup>
		<track source="bai2.png" width="53" height="4" clipStart="1200" clipDuration="500">
			<effect name="transform">
				<animation paramName="anchorX">
					<key time="0" value="26.5"/>
				</animation>
				<animation paramName="scaleX">
					<key time="0" value="1"/>
					<key time="500" value="0"/>
				</animation>
				<animation paramName="transX">
					<key time="0" value="0"/>
					<key time="500" value="100"/>
				</animation>
			</effect>
		</track>
		<effect name="transform">
			<param name="rotationZ" value="240"/>
		</effect>
	</trackGroup>
	<trackGroup>
	<track source="bai2.png" width="53" height="4" clipStart="1200" clipDuration="500">
		<effect name="transform">
			<animation paramName="anchorX">
				<key time="0" value="26.5"/>
			</animation>
			<animation paramName="scaleX">
				<key time="0" value="1"/>
				<key time="500" value="0"/>
			</animation>
			<animation paramName="transX">
				<key time="0" value="0"/>
				<key time="500" value="100"/>
			</animation>
		</effect>
	</track>
	<effect name="transform">
		<param name="rotationZ" value="300"/>
	</effect>
</trackGroup>
	<effect name="transform">
		<param name="transX" value="-30"/>
		<param name="transY" value="250"/>
	</effect>
</trackGroup>
<trackGroup>
<!--礼花层3-->
	<trackGroup>
		<track source="bai2.png" width="53" height="4" clipStart="1500" clipDuration="500">
			<effect name="transform">
				<animation paramName="anchorX">
					<key time="0" value="26.5"/>
				</animation>
				<animation paramName="scaleX">
					<key time="0" value="1"/>
					<key time="500" value="0"/>
				</animation>
				<animation paramName="transX">
					<key time="0" value="0"/>
					<key time="500" value="100"/>
				</animation>
			</effect>
		</track>
		<effect name="transform">
			<param name="rotationZ" value="0"/>
		</effect>
	</trackGroup>
	<trackGroup>
		<track source="bai2.png" width="53" height="4" clipStart="1500" clipDuration="500">
			<effect name="transform">
				<animation paramName="anchorX">
					<key time="0" value="26.5"/>
				</animation>
				<animation paramName="scaleX">
					<key time="0" value="1"/>
					<key time="500" value="0"/>
				</animation>
				<animation paramName="transX">
					<key time="0" value="0"/>
					<key time="500" value="100"/>
				</animation>
			</effect>
		</track>
		<effect name="transform">
			<param name="rotationZ" value="60"/>
		</effect>
	</trackGroup>
	<trackGroup>
		<track source="bai2.png" width="53" height="4" clipStart="1500" clipDuration="500">
			<effect name="transform">
				<animation paramName="anchorX">
					<key time="0" value="26.5"/>
				</animation>
				<animation paramName="scaleX">
					<key time="0" value="1"/>
					<key time="500" value="0"/>
				</animation>
				<animation paramName="transX">
					<key time="0" value="0"/>
					<key time="500" value="100"/>
				</animation>
			</effect>
		</track>
		<effect name="transform">
			<param name="rotationZ" value="120"/>
		</effect>
	</trackGroup>
	<trackGroup>
		<track source="bai2.png" width="53" height="4" clipStart="1500" clipDuration="500">
			<effect name="transform">
				<animation paramName="anchorX">
					<key time="0" value="26.5"/>
				</animation>
				<animation paramName="scaleX">
					<key time="0" value="1"/>
					<key time="500" value="0"/>
				</animation>
				<animation paramName="transX">
					<key time="0" value="0"/>
					<key time="500" value="100"/>
				</animation>
			</effect>
		</track>
		<effect name="transform">
			<param name="rotationZ" value="180"/>
		</effect>
	</trackGroup>
	<trackGroup>
		<track source="bai2.png" width="53" height="4" clipStart="1500" clipDuration="500">
			<effect name="transform">
				<animation paramName="anchorX">
					<key time="0" value="26.5"/>
				</animation>
				<animation paramName="scaleX">
					<key time="0" value="1"/>
					<key time="500" value="0"/>
				</animation>
				<animation paramName="transX">
					<key time="0" value="0"/>
					<key time="500" value="100"/>
				</animation>
			</effect>
		</track>
		<effect name="transform">
			<param name="rotationZ" value="240"/>
		</effect>
	</trackGroup>
	<trackGroup>
	<track source="bai2.png" width="53" height="4" clipStart="1500" clipDuration="500">
		<effect name="transform">
			<animation paramName="anchorX">
				<key time="0" value="26.5"/>
			</animation>
			<animation paramName="scaleX">
				<key time="0" value="1"/>
				<key time="500" value="0"/>
			</animation>
			<animation paramName="transX">
				<key time="0" value="0"/>
				<key time="500" value="100"/>
			</animation>
		</effect>
	</track>
	<effect name="transform">
		<param name="rotationZ" value="300"/>
	</effect>
</trackGroup>
	<effect name="transform">
		<param name="transX" value="80"/>
		<param name="transY" value="220"/>
	</effect>
</trackGroup>
<trackGroup>
<!--礼花层4-->
	<trackGroup>
		<track source="bai2.png" width="53" height="4" clipStart="1100" clipDuration="500">
			<effect name="transform">
				<animation paramName="anchorX">
					<key time="0" value="26.5"/>
				</animation>
				<animation paramName="scaleX">
					<key time="0" value="1"/>
					<key time="500" value="0"/>
				</animation>
				<animation paramName="transX">
					<key time="0" value="0"/>
					<key time="500" value="100"/>
				</animation>
			</effect>
		</track>
		<effect name="transform">
			<param name="rotationZ" value="0"/>
		</effect>
	</trackGroup>
	<trackGroup>
		<track source="bai2.png" width="53" height="4" clipStart="1100" clipDuration="500">
			<effect name="transform">
				<animation paramName="anchorX">
					<key time="0" value="26.5"/>
				</animation>
				<animation paramName="scaleX">
					<key time="0" value="1"/>
					<key time="500" value="0"/>
				</animation>
				<animation paramName="transX">
					<key time="0" value="0"/>
					<key time="500" value="100"/>
				</animation>
			</effect>
		</track>
		<effect name="transform">
			<param name="rotationZ" value="60"/>
		</effect>
	</trackGroup>
	<trackGroup>
		<track source="bai2.png" width="53" height="4" clipStart="1100" clipDuration="500">
			<effect name="transform">
				<animation paramName="anchorX">
					<key time="0" value="26.5"/>
				</animation>
				<animation paramName="scaleX">
					<key time="0" value="1"/>
					<key time="500" value="0"/>
				</animation>
				<animation paramName="transX">
					<key time="0" value="0"/>
					<key time="500" value="100"/>
				</animation>
			</effect>
		</track>
		<effect name="transform">
			<param name="rotationZ" value="120"/>
		</effect>
	</trackGroup>
	<trackGroup>
		<track source="bai2.png" width="53" height="4" clipStart="1100" clipDuration="500">
			<effect name="transform">
				<animation paramName="anchorX">
					<key time="0" value="26.5"/>
				</animation>
				<animation paramName="scaleX">
					<key time="0" value="1"/>
					<key time="500" value="0"/>
				</animation>
				<animation paramName="transX">
					<key time="0" value="0"/>
					<key time="500" value="100"/>
				</animation>
			</effect>
		</track>
		<effect name="transform">
			<param name="rotationZ" value="180"/>
		</effect>
	</trackGroup>
	<trackGroup>
		<track source="bai2.png" width="53" height="4" clipStart="1100" clipDuration="500">
			<effect name="transform">
				<animation paramName="anchorX">
					<key time="0" value="26.5"/>
				</animation>
				<animation paramName="scaleX">
					<key time="0" value="1"/>
					<key time="500" value="0"/>
				</animation>
				<animation paramName="transX">
					<key time="0" value="0"/>
					<key time="500" value="100"/>
				</animation>
			</effect>
		</track>
		<effect name="transform">
			<param name="rotationZ" value="240"/>
		</effect>
	</trackGroup>
	<trackGroup>
	<track source="bai2.png" width="53" height="4" clipStart="1100" clipDuration="500">
		<effect name="transform">
			<animation paramName="anchorX">
				<key time="0" value="26.5"/>
			</animation>
			<animation paramName="scaleX">
				<key time="0" value="1"/>
				<key time="500" value="0"/>
			</animation>
			<animation paramName="transX">
				<key time="0" value="0"/>
				<key time="500" value="100"/>
			</animation>
		</effect>
	</track>
	<effect name="transform">
		<param name="rotationZ" value="300"/>
	</effect>
</trackGroup>
	<effect name="transform">
		<param name="scaleX" value="0.78"/>
		<param name="scaleY" value="0.78"/>
		<param name="transX" value="150"/>
		<param name="transY" value="280"/>
	</effect>
</trackGroup>
<!--雪花层1-->
	<track source="snow2.png" width="18" height="18" clipStart="100" clipDuration="2000" repeat="true">
		<effect name="transform">
			<animation paramName="scaleX">
				<key time="0" value="1"/>
				<key time="2000" value="0"/>
			</animation>
			<animation paramName="scaleY">
				<key time="0" value="1"/>
				<key time="2000" value="0"/>
			</animation>
			<param name="transX" value="-130"/>
			<animation paramName="transY">
				<key time="0" value="330"/>
				<key time="2000" value="0"/>
			</animation>
			<animation paramName="opacity">
				<key time="0" value="0"/>
				<key time="1000" value="1"/>
				<key time="2000" value="0"/>
			</animation>
		</effect>
	</track>
	<!--雪花层2-->
	<track source="snow2.png" width="18" height="18" clipStart="500" clipDuration="2000" repeat="true">
		<effect name="transform">
			<animation paramName="scaleX">
				<key time="0" value="1"/>
				<key time="2000" value="0"/>
			</animation>
			<animation paramName="scaleY">
				<key time="0" value="1"/>
				<key time="2000" value="0"/>
			</animation>
			<param name="transX" value="-100"/>
			<animation paramName="transY">
				<key time="0" value="330"/>
				<key time="2000" value="0"/>
			</animation>
			<animation paramName="opacity">
				<key time="0" value="0"/>
				<key time="1000" value="1"/>
				<key time="2000" value="0"/>
			</animation>
		</effect>
	</track>
	<!--雪花层3-->
	<track source="snow2.png" width="20" height="20" clipStart="1000" clipDuration="2000" repeat="true">
		<effect name="transform">
			<animation paramName="scaleX">
				<key time="0" value="1"/>
				<key time="2000" value="0"/>
			</animation>
			<animation paramName="scaleY">
				<key time="0" value="1"/>
				<key time="2000" value="0"/>
			</animation>
			<param name="transX" value="-90"/>
			<animation paramName="transY">
				<key time="0" value="330"/>
				<key time="2000" value="0"/>
			</animation>
			<animation paramName="opacity">
				<key time="0" value="0"/>
				<key time="1000" value="1"/>
				<key time="2000" value="0"/>
			</animation>
		</effect>
	</track>
	<!--雪花层4-->
	<track source="snow2.png" width="20" height="20" clipStart="750" clipDuration="2000" repeat="true">
		<effect name="transform">
			<animation paramName="scaleX">
				<key time="0" value="1"/>
				<key time="2000" value="0"/>
			</animation>
			<animation paramName="scaleY">
				<key time="0" value="1"/>
				<key time="2000" value="0"/>
			</animation>
			<param name="transX" value="-70"/>
			<animation paramName="transY">
				<key time="0" value="330"/>
				<key time="2000" value="0"/>
			</animation>
			<animation paramName="opacity">
				<key time="0" value="0"/>
				<key time="1000" value="1"/>
				<key time="2000" value="0"/>
			</animation>
		</effect>
	</track>
	<!--雪花层5-->
	<track source="snow2.png" width="20" height="20" clipStart="1500" clipDuration="2000" repeat="true">
		<effect name="transform">
			<animation paramName="scaleX">
				<key time="0" value="1"/>
				<key time="2000" value="0"/>
			</animation>
			<animation paramName="scaleY">
				<key time="0" value="1"/>
				<key time="2000" value="0"/>
			</animation>
			<param name="transX" value="-110"/>
			<animation paramName="transY">
				<key time="0" value="330"/>
				<key time="2000" value="0"/>
			</animation>
			<animation paramName="opacity">
				<key time="0" value="0"/>
				<key time="1000" value="1"/>
				<key time="2000" value="0"/>
			</animation>
		</effect>
	</track>	
	<!--雪花层6-->
	<track source="snow2.png" width="20" height="20" clipStart="1130" clipDuration="2000" repeat="true">
		<effect name="transform">
			<animation paramName="scaleX">
				<key time="0" value="1"/>
				<key time="2000" value="0"/>
			</animation>
			<animation paramName="scaleY">
				<key time="0" value="1"/>
				<key time="2000" value="0"/>
			</animation>
			<param name="transX" value="-50"/>
			<animation paramName="transY">
				<key time="0" value="330"/>
				<key time="2000" value="0"/>
			</animation>
			<animation paramName="opacity">
				<key time="0" value="0"/>
				<key time="1000" value="1"/>
				<key time="2000" value="0"/>
			</animation>
		</effect>
	</track>
	<!--雪花层7-->
	<track source="snow2.png" width="20" height="20" clipStart="100" clipDuration="2000" repeat="true">
		<effect name="transform">
			<animation paramName="scaleX">
				<key time="0" value="1"/>
				<key time="2000" value="0"/>
			</animation>
			<animation paramName="scaleY">
				<key time="0" value="1"/>
				<key time="2000" value="0"/>
			</animation>
			<param name="transX" value="100"/>
			<animation paramName="transY">
				<key time="0" value="330"/>
				<key time="2000" value="0"/>
			</animation>
			<animation paramName="opacity">
				<key time="0" value="0"/>
				<key time="1000" value="1"/>
				<key time="2000" value="0"/>
			</animation>
		</effect>
	</track>
	<!--雪花层8-->
	<track source="snow2.png" width="20" height="20" clipStart="500" clipDuration="2000" repeat="true">
		<effect name="transform">
			<animation paramName="scaleX">
				<key time="0" value="1"/>
				<key time="2000" value="0"/>
			</animation>
			<animation paramName="scaleY">
				<key time="0" value="1"/>
				<key time="2000" value="0"/>
			</animation>
			<param name="transX" value="20"/>
			<animation paramName="transY">
				<key time="0" value="330"/>
				<key time="2000" value="0"/>
			</animation>
			<animation paramName="opacity">
				<key time="0" value="0"/>
				<key time="1000" value="1"/>
				<key time="2000" value="0"/>
			</animation>
		</effect>
	</track>
	<!--雪花层9-->
	<track source="snow2.png" width="20" height="20" clipStart="800" clipDuration="2000" repeat="true">
		<effect name="transform">
			<animation paramName="scaleX">
				<key time="0" value="1"/>
				<key time="2000" value="0"/>
			</animation>
			<animation paramName="scaleY">
				<key time="0" value="1"/>
				<key time="2000" value="0"/>
			</animation>
			<param name="transX" value="75"/>
			<animation paramName="transY">
				<key time="0" value="330"/>
				<key time="2000" value="0"/>
			</animation>
			<animation paramName="opacity">
				<key time="0" value="0"/>
				<key time="1000" value="1"/>
				<key time="2000" value="0"/>
			</animation>
		</effect>
	</track>
	<!--雪花层10-->
	<track source="snow2.png" width="20" height="20" clipStart="1200" clipDuration="2000" repeat="true">
		<effect name="transform">
			<animation paramName="scaleX">
				<key time="0" value="1"/>
				<key time="2000" value="0"/>
			</animation>
			<animation paramName="scaleY">
				<key time="0" value="1"/>
				<key time="2000" value="0"/>
			</animation>
			<param name="transX" value="45"/>
			<animation paramName="transY">
				<key time="0" value="330"/>
				<key time="2000" value="0"/>
			</animation>
			<animation paramName="opacity">
				<key time="0" value="0"/>
				<key time="1000" value="1"/>
				<key time="2000" value="0"/>
			</animation>
		</effect>
	</track>
	<!--雪花层11-->
	<track source="snow2.png" width="20" height="20" clipStart="1500" clipDuration="2000" repeat="true">
		<effect name="transform">
			<animation paramName="scaleX">
				<key time="0" value="1"/>
				<key time="2000" value="0"/>
			</animation>
			<animation paramName="scaleY">
				<key time="0" value="1"/>
				<key time="2000" value="0"/>
			</animation>
			<param name="transX" value="111"/>
			<animation paramName="transY">
				<key time="0" value="330"/>
				<key time="2000" value="0"/>
			</animation>
			<animation paramName="opacity">
				<key time="0" value="0"/>
				<key time="1000" value="1"/>
				<key time="2000" value="0"/>
			</animation>
		</effect>
	</track>
	<!--雪花层12-->
	<track source="snow2.png" width="20" height="20" clipStart="1100" clipDuration="2000" repeat="true">
		<effect name="transform">
			<animation paramName="scaleX">
				<key time="0" value="1"/>
				<key time="2000" value="0"/>
			</animation>
			<animation paramName="scaleY">
				<key time="0" value="1"/>
				<key time="2000" value="0"/>
			</animation>
			<param name="transX" value="80"/>
			<animation paramName="transY">
				<key time="0" value="330"/>
				<key time="2000" value="0"/>
			</animation>
			<animation paramName="opacity">
				<key time="0" value="0"/>
				<key time="1000" value="1"/>
				<key time="2000" value="0"/>
			</animation>
		</effect>
	</track>
	<!--雪花层13-->
	<track source="snow2.png" width="20" height="20" clipStart="1100" clipDuration="2000" repeat="true">
		<effect name="transform">
			<animation paramName="scaleX">
				<key time="0" value="1"/>
				<key time="2000" value="0"/>
			</animation>
			<animation paramName="scaleY">
				<key time="0" value="1"/>
				<key time="2000" value="0"/>
			</animation>
			<param name="transX" value="10"/>
			<animation paramName="transY">
				<key time="0" value="330"/>
				<key time="2000" value="0"/>
			</animation>
			<animation paramName="opacity">
				<key time="0" value="0"/>
				<key time="1000" value="1"/>
				<key time="2000" value="0"/>
			</animation>
		</effect>
	</track>	
	<!--雪花层14-->
	<track source="snow2.png" width="20" height="20" clipStart="1500" clipDuration="2000" repeat="true">
		<effect name="transform">
			<animation paramName="scaleX">
				<key time="0" value="1"/>
				<key time="2000" value="0"/>
			</animation>
			<animation paramName="scaleY">
				<key time="0" value="1"/>
				<key time="2000" value="0"/>
			</animation>
			<param name="transX" value="20"/>
			<animation paramName="transY">
				<key time="0" value="330"/>
				<key time="2000" value="0"/>
			</animation>
			<animation paramName="opacity">
				<key time="0" value="0"/>
				<key time="1000" value="1"/>
				<key time="2000" value="0"/>
			</animation>
		</effect>
	</track>
	<effect name="transform">
		<param name="transY" value="-120"/>
	</effect>
</trackGroup>
</storyboard>
	