<?xml version="1.0" encoding="UTF-8"?>
<storyboard sceneWidth="1280" sceneHeight="720" stickerCenterX="0" stickerCenterY="0" stickerWidth="320" stickerHeight="120" stickerPosterTimeHint="2600" stickerDuration="2600">
	<track source="yuanqimeiwei_00001.png" width="380" height="170" clipStart="0" clipDuration="2400">
		<effect name="transform">
			<animation paramName="opacity">
                <key time="0" value="0"/>
				<key time="99" value="0"/>
				<key time="100" value="0"/>
                </animation>
		</effect>	
	</track>		
	<track source="yuanqimeiwei_00001.png" width="380" height="170" clipStart="0" clipDuration="2600">
		<effect name="transform">
			<animation paramName="opacity">
				<key time="99" value="0"/>
				<key time="100" value="1"/>
				<key time="199" value="1"/>
				<key time="200" value="0"/>
                </animation>
		</effect>	
	</track>
	<track source="yuanqimeiwei_00002.png" width="380" height="170" clipStart="0" clipDuration="2600">
		<effect name="transform">
			<animation paramName="opacity">
				<key time="199" value="0"/>
				<key time="200" value="1"/>
				<key time="299" value="1"/>
				<key time="300" value="0"/>
                </animation>
		</effect>	
	</track>
	<track source="yuanqimeiwei_00003.png" width="380" height="170" clipStart="0" clipDuration="2600">
		<effect name="transform">
			<animation paramName="opacity">
				<key time="299" value="0"/>
				<key time="300" value="1"/>
				<key time="399" value="1"/>
				<key time="400" value="0"/>
                </animation>
		</effect>	
	</track>
	<track source="yuanqimeiwei_00004.png" width="380" height="170" clipStart="0" clipDuration="2600">
		<effect name="transform">
			<animation paramName="opacity">
				<key time="399" value="0"/>
				<key time="400" value="1"/>
				<key time="499" value="1"/>
				<key time="500" value="0"/>
                </animation>
		</effect>	
	</track>
	<track source="yuanqimeiwei_00005.png" width="380" height="170" clipStart="0" clipDuration="2600">
		<effect name="transform">
			<animation paramName="opacity">
				<key time="499" value="0"/>
				<key time="500" value="1"/>
				<key time="599" value="1"/>
				<key time="600" value="0"/>
                </animation>
		</effect>	
	</track>
	<track source="yuanqimeiwei_00006.png" width="380" height="170" clipStart="0" clipDuration="2600">
		<effect name="transform">
			<animation paramName="opacity">
				<key time="599" value="0"/>
				<key time="600" value="1"/>
				<key time="699" value="1"/>
				<key time="700" value="0"/>
                </animation>
		</effect>	
	</track>
	<track source="yuanqimeiwei_00007.png" width="380" height="170" clipStart="0" clipDuration="2600">
		<effect name="transform">
			<animation paramName="opacity">
				<key time="699" value="0"/>
				<key time="700" value="1"/>
				<key time="799" value="1"/>
				<key time="800" value="0"/>
                </animation>
		</effect>	
	</track>
	<track source="yuanqimeiwei_00008.png" width="380" height="170" clipStart="0" clipDuration="2600">
		<effect name="transform">
			<animation paramName="opacity">
				<key time="799" value="0"/>
				<key time="800" value="1"/>
				<key time="899" value="1"/>
				<key time="900" value="0"/>
                </animation>
		</effect>	
	</track>
	<track source="yuanqimeiwei_00009.png" width="380" height="170" clipStart="0" clipDuration="2600">
		<effect name="transform">
			<animation paramName="opacity">
				<key time="899" value="0"/>
				<key time="900" value="1"/>
				<key time="999" value="1"/>
				<key time="1000" value="0"/>
                </animation>
		</effect>	
	</track>
	<track source="yuanqimeiwei_00010.png" width="380" height="170" clipStart="0" clipDuration="2600">
		<effect name="transform">
			<animation paramName="opacity">
				<key time="999" value="0"/>
				<key time="1000" value="1"/>
				<key time="1099" value="1"/>
				<key time="1100" value="0"/>
            </animation>
		</effect>	
	</track>
	<track source="yuanqimeiwei_00011.png" width="380" height="170" clipStart="0" clipDuration="2600">
		<effect name="transform">
			<animation paramName="opacity">
				<key time="1099" value="0"/>
				<key time="1100" value="1"/>
				<key time="1199" value="1"/>
				<key time="1200" value="0"/>
            </animation>
		</effect>	
	</track>
	<track source="yuanqimeiwei_00012.png" width="380" height="170" clipStart="0" clipDuration="2600">
		<effect name="transform">
			<animation paramName="opacity">
				<key time="1199" value="0"/>
				<key time="1200" value="1"/>
				<key time="1299" value="1"/>
				<key time="1300" value="0"/>
            </animation>
		</effect>	
	</track>
	<track source="yuanqimeiwei_00013.png" width="380" height="170" clipStart="0" clipDuration="2600">
		<effect name="transform">
			<animation paramName="opacity">
				<key time="1299" value="0"/>
				<key time="1300" value="1"/>
				<key time="1399" value="1"/>
				<key time="1400" value="0"/>
            </animation>
		</effect>	
	</track>	
	<track source="yuanqimeiwei_00014.png" width="380" height="170" clipStart="0" clipDuration="2600">
		<effect name="transform">
			<animation paramName="opacity">
				<key time="1399" value="0"/>
				<key time="1400" value="1"/>
				<key time="1499" value="1"/>
				<key time="1500" value="0"/>
            </animation>
		</effect>	
	</track>		
	<track source="yuanqimeiwei_00015.png" width="380" height="170" clipStart="1500" clipDuration="1" repeat="true">
	</track>			
	
	<track source="guang_00015.png" width="380" height="170" clipStart="1500" clipDuration="1100" repeat="true">
		<effect name="transform">
			<animation paramName="opacity">
                <key time="0" value="0"/>
				<key time="99" value="0"/>
				<key time="100" value="0"/>
                </animation>
		</effect>	
	</track>		
	<track source="guang_00015.png" width="380" height="170" clipStart="1500" clipDuration="1100" repeat="true">
		<effect name="transform">
			<animation paramName="opacity">
				<key time="99" value="0"/>
				<key time="100" value="1"/>
				<key time="199" value="1"/>
				<key time="200" value="0"/>
                </animation>
		</effect>	
	</track>
	<track source="guang_00016.png" width="380" height="170" clipStart="1500" clipDuration="1100" repeat="true">
		<effect name="transform">
			<animation paramName="opacity">
				<key time="199" value="0"/>
				<key time="200" value="1"/>
				<key time="299" value="1"/>
				<key time="300" value="0"/>
                </animation>
		</effect>	
	</track>
	<track source="guang_00017.png" width="380" height="170" clipStart="1500" clipDuration="1100" repeat="true">
		<effect name="transform">
			<animation paramName="opacity">
				<key time="299" value="0"/>
				<key time="300" value="1"/>
				<key time="399" value="1"/>
				<key time="400" value="0"/>
                </animation>
		</effect>	
	</track>	
	<track source="guang_00018.png" width="380" height="170" clipStart="1500" clipDuration="1100" repeat="true">
		<effect name="transform">
			<animation paramName="opacity">
				<key time="399" value="0"/>
				<key time="400" value="1"/>
				<key time="499" value="1"/>
				<key time="500" value="0"/>
                </animation>
		</effect>	
	</track>		
	<track source="guang_00019.png" width="380" height="170" clipStart="1500" clipDuration="1100" repeat="true">
		<effect name="transform">
			<animation paramName="opacity">
				<key time="499" value="0"/>
				<key time="500" value="1"/>
				<key time="599" value="1"/>
				<key time="600" value="0"/>
                </animation>
		</effect>	
	</track>			
	<track source="guang_00020.png" width="380" height="170" clipStart="1500" clipDuration="1100" repeat="true">
		<effect name="transform">
			<animation paramName="opacity">
				<key time="599" value="0"/>
				<key time="600" value="1"/>
				<key time="699" value="1"/>
				<key time="700" value="0"/>
                </animation>
		</effect>	
	</track>				
	<track source="guang_00021.png" width="380" height="170" clipStart="1500" clipDuration="1100" repeat="true">
		<effect name="transform">
			<animation paramName="opacity">
				<key time="699" value="0"/>
				<key time="700" value="1"/>
				<key time="799" value="1"/>
				<key time="800" value="0"/>
                </animation>
		</effect>	
	</track>					
	<track source="guang_00022.png" width="380" height="170" clipStart="1500" clipDuration="1100" repeat="true">
		<effect name="transform">
			<animation paramName="opacity">
				<key time="799" value="0"/>
				<key time="800" value="1"/>
				<key time="899" value="1"/>
				<key time="900" value="0"/>
                </animation>
		</effect>	
	</track>						
	<track source="guang_00023.png" width="380" height="170" clipStart="1500" clipDuration="1100" repeat="true">
		<effect name="transform">
			<animation paramName="opacity">
				<key time="899" value="0"/>
				<key time="900" value="1"/>
				<key time="999" value="1"/>
				<key time="1000" value="0"/>
                </animation>
		</effect>	
	</track>							
	<track source="guang_00023.png" width="380" height="170" clipStart="1500" clipDuration="1100" repeat="true">
		<effect name="transform">
			<animation paramName="opacity">
				<key time="999" value="0"/>
				<key time="1000" value="0"/>
				<key time="1099" value="0"/>
				<key time="1100" value="0"/>
                </animation>
		</effect>	
	</track>							
</storyboard>