<?xml version="1.0" encoding="UTF-8"?>
<storyboard sceneWidth="1280" sceneHeight="720" stickerCenterX="0" stickerCenterY="0" stickerWidth="300" stickerHeight="300" stickerPosterTimeHint="500" stickerDuration="2000">
	<trackGroup>
		<track source="crown.png" width="300" height="300" clipStart="0" clipDuration="320">
			<effect name="transform">
				<param name="anchorY" value="-120"/>
				<animation paramName="scaleX">
					<key time="0" value="0.7"/>
					<key time="200" value="1.2"/>
					<key time="320" value="1"/>
				</animation>
				<animation paramName="scaleY">
					<key time="0" value="0"/>
					<key time="200" value="1.2"/>
					<key time="320" value="1"/>
				</animation>
			</effect>
		</track>
		<track source="crown.png" width="300" height="300" clipStart="320" clipDuration="2000" repeat="true"/>
		<!--扫光-->
		<track source="highlight.png" width="300" height="300" clipStart="320" clipDuration="2000" repeat="true">
			<effect name="transform">
				<animation paramName="opacity">
					<key time="0" value="1"/>
					<key time="500" value="1"/>
					<key time="1200" value="0.4"/>
					<key time="2000" value="0.4"/>
				</animation>
			</effect>
			<effect name="alphaPattern">
				<param name="source" value="pattern.jpg"/>
				<param name="progress" value="0.1"/>
				<animation paramName="transX">
					<key time="0" value="0.2"/>
					<key time="1200" value="-1"/>
					<key time="2000" value="-1"/>
				</animation>
			</effect>
		</track>
		<!--小闪光1-->
		<track source="star.png" width="61" height="66" clipStart="320" clipDuration="2000" repeat="true">
			<effect name="transform">
				<animation paramName="scaleX">
					<key time="0" value="0"/>
					<key time="200" value="1.3"/>
					<key time="300" value="1.3"/>
					<key time="500" value="0"/>
				</animation>
				<animation paramName="scaleY">
					<key time="0" value="0"/>
					<key time="200" value="1.3"/>
					<key time="300" value="1.3"/>
					<key time="500" value="0"/>
				</animation>
				<animation paramName="rotationZ">
					<key time="0" value="0"/>
					<key time="150" value="0"/>
					<key time="500" value="-180"/>
				</animation>
				<param name="transY" value="-62"/>
			</effect>
		</track>
		<!--小闪光2-->
		<track source="star.png" width="61" height="66" clipStart="320" clipDuration="2000" repeat="true">
			<effect name="transform">
				<animation paramName="scaleX">
					<key time="300" value="0"/>
					<key time="500" value="1"/>
					<key time="600" value="1"/>
					<key time="800" value="0"/>
				</animation>
				<animation paramName="scaleY">
					<key time="300" value="0"/>
					<key time="500" value="1"/>
					<key time="600" value="1"/>
					<key time="800" value="0"/>
				</animation>
				<animation paramName="rotationZ">
					<key time="300" value="0"/>
					<key time="450" value="0"/>
					<key time="800" value="-180"/>
				</animation>
				<param name="transX" value="-124"/>
				<param name="transY" value="30"/>
			</effect>
		</track>
		<!--小闪光3-->
		<track source="star.png" width="61" height="66" clipStart="320" clipDuration="2000" repeat="true">
			<effect name="transform">
				<animation paramName="scaleX">
					<key time="500" value="0"/>
					<key time="750" value="0"/>
					<key time="950" value="1.2"/>
					<key time="1050" value="1.2"/>
					<key time="1250" value="0"/>
				</animation>
				<animation paramName="scaleY">
					<key time="500" value="0"/>
					<key time="750" value="0"/>
					<key time="950" value="1.2"/>
					<key time="1050" value="1.2"/>
					<key time="1250" value="0"/>
				</animation>
				<animation paramName="rotationZ">
					<key time="500" value="0"/>
					<key time="750" value="0"/>
					<key time="890" value="0"/>
					<key time="1250" value="-180"/>
				</animation>
				<param name="transX" value="86"/>
				<param name="transY" value="8"/>
			</effect>
		</track>
		
	</trackGroup>
</storyboard>
	