{
  "storyboard": {
    "sceneWidth": "1280",
    "sceneHeight": "720",
    "stickerCenterX": "0",
    "stickerCenterY": "0",
    "stickerWidth": "300",
    "stickerHeight": "300",
    "stickerPosterTimeHint": "500",
    "stickerDuration": "2000",
    "trackGroup": {
      "track": [
        {
          "source": "crown.png",
          "width": "300",
          "height": "300",
          "clipStart": "0",
          "clipDuration": "320",
          "effect": {
            "name": "transform",
            "param": {
              "name": "anchorY",
              "value": "120"
            },
            "animation": [
              {
                "paramName": "scaleX",
                "key": [
                  {
                    "time": "0",
                    "value": "0.7"
                  },
                  {
                    "time": "200",
                    "value": "1.2"
                  },
                  {
                    "time": "320",
                    "value": "1"
                  }
                ]
              },
              {
                "paramName": "scaleY",
                "key": [
                  {
                    "time": "0",
                    "value": "0"
                  },
                  {
                    "time": "200",
                    "value": "1.2"
                  },
                  {
                    "time": "320",
                    "value": "1"
                  }
                ]
              }
            ]
          }
        },
        {
          "source": "crown.png",
          "width": "300",
          "height": "300",
          "clipStart": "320",
          "clipDuration": "2000",
          "repeat": "true"
        },
        {
          "source": "highlight.png",
          "width": "300",
          "height": "300",
          "clipStart": "320",
          "clipDuration": "2000",
          "repeat": "true",
          "effect": [
            {
              "name": "transform",
              "animation": {
                "paramName": "opacity",
                "key": [
                  {
                    "time": "0",
                    "value": "1"
                  },
                  {
                    "time": "500",
                    "value": "1"
                  },
                  {
                    "time": "1200",
                    "value": "0.4"
                  },
                  {
                    "time": "2000",
                    "value": "0.4"
                  }
                ]
              }
            },
            {
              "name": "alphaPattern",
              "param": [
                {
                  "name": "source",
                  "value": "pattern.jpg"
                },
                {
                  "name": "progress",
                  "value": "0.1"
                }
              ],
              "animation": {
                "paramName": "transX",
                "key": [
                  {
                    "time": "0",
                    "value": "0.2"
                  },
                  {
                    "time": "1200",
                    "value": "1"
                  },
                  {
                    "time": "2000",
                    "value": "1"
                  }
                ]
              }
            }
          ]
        },
        {
          "source": "star.png",
          "width": "61",
          "height": "66",
          "clipStart": "320",
          "clipDuration": "2000",
          "repeat": "true",
          "effect": {
            "name": "transform",
            "animation": [
              {
                "paramName": "scaleX",
                "key": [
                  {
                    "time": "0",
                    "value": "0"
                  },
                  {
                    "time": "200",
                    "value": "1.3"
                  },
                  {
                    "time": "300",
                    "value": "1.3"
                  },
                  {
                    "time": "500",
                    "value": "0"
                  }
                ]
              },
              {
                "paramName": "scaleY",
                "key": [
                  {
                    "time": "0",
                    "value": "0"
                  },
                  {
                    "time": "200",
                    "value": "1.3"
                  },
                  {
                    "time": "300",
                    "value": "1.3"
                  },
                  {
                    "time": "500",
                    "value": "0"
                  }
                ]
              },
              {
                "paramName": "rotationZ",
                "key": [
                  {
                    "time": "0",
                    "value": "0"
                  },
                  {
                    "time": "150",
                    "value": "0"
                  },
                  {
                    "time": "500",
                    "value": "180"
                  }
                ]
              }
            ],
            "param": {
              "name": "transY",
              "value": "62"
            }
          }
        },
        {
          "source": "star.png",
          "width": "61",
          "height": "66",
          "clipStart": "320",
          "clipDuration": "2000",
          "repeat": "true",
          "effect": {
            "name": "transform",
            "animation": [
              {
                "paramName": "scaleX",
                "key": [
                  {
                    "time": "300",
                    "value": "0"
                  },
                  {
                    "time": "500",
                    "value": "1"
                  },
                  {
                    "time": "600",
                    "value": "1"
                  },
                  {
                    "time": "800",
                    "value": "0"
                  }
                ]
              },
              {
                "paramName": "scaleY",
                "key": [
                  {
                    "time": "300",
                    "value": "0"
                  },
                  {
                    "time": "500",
                    "value": "1"
                  },
                  {
                    "time": "600",
                    "value": "1"
                  },
                  {
                    "time": "800",
                    "value": "0"
                  }
                ]
              },
              {
                "paramName": "rotationZ",
                "key": [
                  {
                    "time": "300",
                    "value": "0"
                  },
                  {
                    "time": "450",
                    "value": "0"
                  },
                  {
                    "time": "800",
                    "value": "180"
                  }
                ]
              }
            ],
            "param": [
              {
                "name": "transX",
                "value": "124"
              },
              {
                "name": "transY",
                "value": "30"
              }
            ]
          }
        },
        {
          "source": "star.png",
          "width": "61",
          "height": "66",
          "clipStart": "320",
          "clipDuration": "2000",
          "repeat": "true",
          "effect": {
            "name": "transform",
            "animation": [
              {
                "paramName": "scaleX",
                "key": [
                  {
                    "time": "500",
                    "value": "0"
                  },
                  {
                    "time": "750",
                    "value": "0"
                  },
                  {
                    "time": "950",
                    "value": "1.2"
                  },
                  {
                    "time": "1050",
                    "value": "1.2"
                  },
                  {
                    "time": "1250",
                    "value": "0"
                  }
                ]
              },
              {
                "paramName": "scaleY",
                "key": [
                  {
                    "time": "500",
                    "value": "0"
                  },
                  {
                    "time": "750",
                    "value": "0"
                  },
                  {
                    "time": "950",
                    "value": "1.2"
                  },
                  {
                    "time": "1050",
                    "value": "1.2"
                  },
                  {
                    "time": "1250",
                    "value": "0"
                  }
                ]
              },
              {
                "paramName": "rotationZ",
                "key": [
                  {
                    "time": "500",
                    "value": "0"
                  },
                  {
                    "time": "750",
                    "value": "0"
                  },
                  {
                    "time": "890",
                    "value": "0"
                  },
                  {
                    "time": "1250",
                    "value": "180"
                  }
                ]
              }
            ],
            "param": [
              {
                "name": "transX",
                "value": "86"
              },
              {
                "name": "transY",
                "value": "8"
              }
            ]
          }
        }
      ]
    }
  }
}