<?xml version="1.0" encoding="UTF-8"?>
<storyboard sceneWidth="1280" sceneHeight="720" stickerCenterX="0" stickerCenterY="0" stickerWidth="250" stickerHeight="250" stickerPosterTimeHint="300" stickerDuration="2000">
	<!--冲击波-->
	<track source="1.png" width="640" height="360" clipStart="0" clipDuration="80"/>
	<track source="2.png" width="640" height="360" clipStart="80" clipDuration="80"/>
	<track source="3.png" width="640" height="360" clipStart="160" clipDuration="80" repeat="true" repeatInterval="560"/>
	<track source="4.png" width="640" height="360" clipStart="240" clipDuration="80" repeat="true" repeatInterval="560"/>
	<track source="5.png" width="640" height="360" clipStart="320" clipDuration="80" repeat="true" repeatInterval="560"/>
	<track source="6.png" width="640" height="360" clipStart="400" clipDuration="80" repeat="true" repeatInterval="560"/>
	<track source="7.png" width="640" height="360" clipStart="480" clipDuration="80" repeat="true" repeatInterval="560"/>
	<track source="8.png" width="640" height="360" clipStart="560" clipDuration="80" repeat="true" repeatInterval="560"/>
	<track source="9.png" width="640" height="360" clipStart="640" clipDuration="80" repeat="true" repeatInterval="560"/>
	<track source="10.png" width="640" height="360" clipStart="720" clipDuration="80" repeat="true" repeatInterval="560"/>
</storyboard>
	