{
  "storyboard": {
    "sceneWidth": "1280",
    "sceneHeight": "720",
    "stickerCenterX": "0",
    "stickerCenterY": "0",
    "stickerWidth": "180",
    "stickerHeight": "420",
    "stickerPosterTimeHint": "500",
    "stickerDuration": "2000",
    "trackGroup": {
      "track": [
        {
          "source": "1.png",
          "width": "200",
          "height": "348",
          "clipStart": "0",
          "clipDuration": "1200",
          "effect": [
            {
              "name": "transform",
              "param": [
                {
                  "name": "anchorY",
                  "value": "400"
                },
                {
                  "name": "rotationZ",
                  "value": "35"
                },
                {
                  "name": "transX",
                  "value": "50"
                },
                {
                  "name": "transY",
                  "value": "80"
                }
              ],
              "animation": [
                {
                  "paramName": "scaleX",
                  "key": [
                    {
                      "time": "0",
                      "value": "0.85",
                      "curveMode": "outQuad",
                      "curvePeriod": "0.5",
                      "curveAmplitude": "1",
                      "curveOvershoot": "1.7"
                    },
                    {
                      "time": "150",
                      "value": "1"
                    }
                  ]
                },
                {
                  "paramName": "scaleY",
                  "key": [
                    {
                      "time": "0",
                      "value": "0",
                      "curveMode": "outQuad",
                      "curvePeriod": "0.5",
                      "curveAmplitude": "1",
                      "curveOvershoot": "1.7"
                    },
                    {
                      "time": "150",
                      "value": "1.2"
                    },
                    {
                      "time": "250",
                      "value": "1"
                    }
                  ]
                },
                {
                  "paramName": "opacity",
                  "key": [
                    {
                      "time": "0",
                      "value": "1"
                    },
                    {
                      "time": "750",
                      "value": "1"
                    },
                    {
                      "time": "751",
                      "value": "0"
                    },
                    {
                      "time": "849",
                      "value": "0"
                    },
                    {
                      "time": "850",
                      "value": "1"
                    },
                    {
                      "time": "1000",
                      "value": "1"
                    },
                    {
                      "time": "1001",
                      "value": "0"
                    },
                    {
                      "time": "1050",
                      "value": "0"
                    },
                    {
                      "time": "1099",
                      "value": "0"
                    },
                    {
                      "time": "1100",
                      "value": "1"
                    },
                    {
                      "time": "1200",
                      "value": "1"
                    }
                  ]
                }
              ]
            },
            {
              "name": "fastBlur",
              "param": {
                "name": "radius",
                "value": "1"
              }
            }
          ]
        },
        {
          "source": "1.png",
          "width": "200",
          "height": "348",
          "clipStart": "1200",
          "clipDuration": "800",
          "repeat": "true",
          "effect": [
            {
              "name": "transform",
              "param": [
                {
                  "name": "anchorY",
                  "value": "400"
                },
                {
                  "name": "rotationZ",
                  "value": "35"
                },
                {
                  "name": "transX",
                  "value": "50"
                },
                {
                  "name": "transY",
                  "value": "80"
                }
              ]
            },
            {
              "name": "fastBlur",
              "param": {
                "name": "radius",
                "value": "1"
              }
            }
          ]
        },
        {
          "source": "2.png",
          "width": "200",
          "height": "348",
          "clipStart": "0",
          "clipDuration": "1200",
          "effect": [
            {
              "name": "transform",
              "param": [
                {
                  "name": "anchorY",
                  "value": "400"
                },
                {
                  "name": "rotationZ",
                  "value": "22"
                },
                {
                  "name": "transX",
                  "value": "30"
                }
              ],
              "animation": [
                {
                  "paramName": "scaleX",
                  "key": [
                    {
                      "time": "0",
                      "value": "0.85",
                      "curveMode": "outQuad",
                      "curvePeriod": "0.5",
                      "curveAmplitude": "1",
                      "curveOvershoot": "1.7"
                    },
                    {
                      "time": "150",
                      "value": "1"
                    }
                  ]
                },
                {
                  "paramName": "scaleY",
                  "key": [
                    {
                      "time": "0",
                      "value": "0",
                      "curveMode": "outQuad",
                      "curvePeriod": "0.5",
                      "curveAmplitude": "1",
                      "curveOvershoot": "1.7"
                    },
                    {
                      "time": "150",
                      "value": "1.2"
                    },
                    {
                      "time": "250",
                      "value": "1"
                    }
                  ]
                },
                {
                  "paramName": "opacity",
                  "key": [
                    {
                      "time": "0",
                      "value": "1"
                    },
                    {
                      "time": "750",
                      "value": "1"
                    },
                    {
                      "time": "751",
                      "value": "0"
                    },
                    {
                      "time": "849",
                      "value": "0"
                    },
                    {
                      "time": "850",
                      "value": "1"
                    },
                    {
                      "time": "1000",
                      "value": "1"
                    },
                    {
                      "time": "1001",
                      "value": "0"
                    },
                    {
                      "time": "1050",
                      "value": "0"
                    },
                    {
                      "time": "1099",
                      "value": "0"
                    },
                    {
                      "time": "1100",
                      "value": "1"
                    },
                    {
                      "time": "1200",
                      "value": "1"
                    },
                    {
                      "time": "3000",
                      "value": "1"
                    }
                  ]
                }
              ]
            },
            {
              "name": "fastBlur",
              "param": {
                "name": "radius",
                "value": "1"
              }
            }
          ]
        },
        {
          "source": "2.png",
          "width": "200",
          "height": "348",
          "clipStart": "1200",
          "clipDuration": "800",
          "repeat": "true",
          "effect": [
            {
              "name": "transform",
              "param": [
                {
                  "name": "anchorY",
                  "value": "400"
                },
                {
                  "name": "rotationZ",
                  "value": "22"
                },
                {
                  "name": "transX",
                  "value": "30"
                }
              ]
            },
            {
              "name": "fastBlur",
              "param": {
                "name": "radius",
                "value": "1"
              }
            }
          ]
        },
        {
          "source": "3.png",
          "width": "200",
          "height": "348",
          "clipStart": "0",
          "clipDuration": "1200",
          "effect": [
            {
              "name": "transform",
              "param": [
                {
                  "name": "anchorY",
                  "value": "400"
                },
                {
                  "name": "rotationZ",
                  "value": "6"
                },
                {
                  "name": "transX",
                  "value": "60"
                }
              ],
              "animation": [
                {
                  "paramName": "scaleX",
                  "key": [
                    {
                      "time": "0",
                      "value": "0.85",
                      "curveMode": "outQuad",
                      "curvePeriod": "0.5",
                      "curveAmplitude": "1",
                      "curveOvershoot": "1.7"
                    },
                    {
                      "time": "150",
                      "value": "1"
                    }
                  ]
                },
                {
                  "paramName": "scaleY",
                  "key": [
                    {
                      "time": "0",
                      "value": "0",
                      "curveMode": "outQuad",
                      "curvePeriod": "0.5",
                      "curveAmplitude": "1",
                      "curveOvershoot": "1.7"
                    },
                    {
                      "time": "150",
                      "value": "1.2"
                    },
                    {
                      "time": "250",
                      "value": "1"
                    }
                  ]
                },
                {
                  "paramName": "opacity",
                  "key": [
                    {
                      "time": "0",
                      "value": "1"
                    },
                    {
                      "time": "750",
                      "value": "1"
                    },
                    {
                      "time": "751",
                      "value": "0"
                    },
                    {
                      "time": "849",
                      "value": "0"
                    },
                    {
                      "time": "850",
                      "value": "1"
                    },
                    {
                      "time": "1000",
                      "value": "1"
                    },
                    {
                      "time": "1001",
                      "value": "0"
                    },
                    {
                      "time": "1050",
                      "value": "0"
                    },
                    {
                      "time": "1099",
                      "value": "0"
                    },
                    {
                      "time": "1100",
                      "value": "1"
                    },
                    {
                      "time": "1200",
                      "value": "1"
                    },
                    {
                      "time": "3000",
                      "value": "1"
                    }
                  ]
                }
              ]
            },
            {
              "name": "fastBlur",
              "param": {
                "name": "radius",
                "value": "1"
              }
            }
          ]
        },
        {
          "source": "3.png",
          "width": "200",
          "height": "348",
          "clipStart": "1200",
          "clipDuration": "800",
          "repeat": "true",
          "effect": [
            {
              "name": "transform",
              "param": [
                {
                  "name": "anchorY",
                  "value": "400"
                },
                {
                  "name": "rotationZ",
                  "value": "6"
                },
                {
                  "name": "transX",
                  "value": "60"
                }
              ]
            },
            {
              "name": "fastBlur",
              "param": {
                "name": "radius",
                "value": "1"
              }
            }
          ]
        },
        {
          "source": "4.png",
          "width": "200",
          "height": "348",
          "clipStart": "0",
          "clipDuration": "1200",
          "effect": [
            {
              "name": "transform",
              "param": [
                {
                  "name": "anchorY",
                  "value": "400"
                },
                {
                  "name": "rotationZ",
                  "value": "30"
                },
                {
                  "name": "transX",
                  "value": "80"
                }
              ],
              "animation": [
                {
                  "paramName": "scaleX",
                  "key": [
                    {
                      "time": "0",
                      "value": "0.85",
                      "curveMode": "outQuad",
                      "curvePeriod": "0.5",
                      "curveAmplitude": "1",
                      "curveOvershoot": "1.7"
                    },
                    {
                      "time": "150",
                      "value": "1"
                    }
                  ]
                },
                {
                  "paramName": "scaleY",
                  "key": [
                    {
                      "time": "0",
                      "value": "0",
                      "curveMode": "outQuad",
                      "curvePeriod": "0.5",
                      "curveAmplitude": "1",
                      "curveOvershoot": "1.7"
                    },
                    {
                      "time": "150",
                      "value": "1.2"
                    },
                    {
                      "time": "250",
                      "value": "1"
                    }
                  ]
                },
                {
                  "paramName": "opacity",
                  "key": [
                    {
                      "time": "0",
                      "value": "1"
                    },
                    {
                      "time": "750",
                      "value": "1"
                    },
                    {
                      "time": "751",
                      "value": "0"
                    },
                    {
                      "time": "849",
                      "value": "0"
                    },
                    {
                      "time": "850",
                      "value": "1"
                    },
                    {
                      "time": "1000",
                      "value": "1"
                    },
                    {
                      "time": "1001",
                      "value": "0"
                    },
                    {
                      "time": "1050",
                      "value": "0"
                    },
                    {
                      "time": "1099",
                      "value": "0"
                    },
                    {
                      "time": "1100",
                      "value": "1"
                    },
                    {
                      "time": "1200",
                      "value": "1"
                    },
                    {
                      "time": "3000",
                      "value": "1"
                    }
                  ]
                }
              ]
            },
            {
              "name": "fastBlur",
              "param": {
                "name": "radius",
                "value": "1"
              }
            }
          ]
        },
        {
          "source": "4.png",
          "width": "200",
          "height": "348",
          "clipStart": "1200",
          "clipDuration": "800",
          "repeat": "true",
          "effect": [
            {
              "name": "transform",
              "param": [
                {
                  "name": "anchorY",
                  "value": "400"
                },
                {
                  "name": "rotationZ",
                  "value": "30"
                },
                {
                  "name": "transX",
                  "value": "80"
                }
              ]
            },
            {
              "name": "fastBlur",
              "param": {
                "name": "radius",
                "value": "1"
              }
            }
          ]
        }
      ],
      "effect": {
        "name": "transform",
        "param": [
          {
            "name": "transX",
            "value": "30"
          },
          {
            "name": "scaleX",
            "value": "0.5"
          },
          {
            "name": "scaleY",
            "value": "0.5"
          },
          {
            "name": "rotationZ",
            "value": "90"
          }
        ]
      }
    }
  }
}