<?xml version="1.0" encoding="UTF-8"?>
<storyboard sceneWidth="1280" sceneHeight="720" stickerCenterX="0" stickerCenterY="0" stickerWidth="180" stickerHeight="420" stickerPosterTimeHint="500" stickerDuration="2000">
	<trackGroup>
		<track source="1.png" width="200" height="348" clipStart="0" clipDuration="1200">
			<effect name="transform">
				<param name="anchorY" value="-400"/>
				<animation paramName="scaleX">
					<key time="0" value="0.85" curveMode="outQuad" 
curvePeriod="0.5" curveAmplitude="1" curveOvershoot="1.7"/>
					<key time="150" value="1"/>
				</animation>
				<animation paramName="scaleY">
					<key time="0" value="0" curveMode="outQuad" 
curvePeriod="0.5" curveAmplitude="1" curveOvershoot="1.7"/>
					<key time="150" value="1.2"/>
					<key time="250" value="1"/>
				</animation>
				<param name="rotationZ" value="35"/>
				<param name="transX" value="-50"/>
				<param name="transY" value="-80"/>
				<animation paramName="opacity">
					<key time="0" value="1"/>
					<key time="750" value="1"/>
					<key time="751" value="0"/>
					<key time="849" value="0"/>
					<key time="850" value="1"/>
					<key time="1000" value="1"/>
					<key time="1001" value="0"/>
					<key time="1050" value="0"/>
					<key time="1099" value="0"/>
					<key time="1100" value="1"/>
					<key time="1200" value="1"/>
				</animation>
			</effect>
			<effect name="fastBlur">
				<param name="radius" value="1"/>
			</effect>
		</track>
		<!--1循环-->
		<track source="1.png" width="200" height="348" clipStart="1200" clipDuration="800" repeat="true">
			<effect name="transform">
				<param name="anchorY" value="-400"/>
				<param name="rotationZ" value="35"/>
				<param name="transX" value="-50"/>
				<param name="transY" value="-80"/>
			</effect>
			<effect name="fastBlur">
				<param name="radius" value="1"/>
			</effect>
		</track>
		<!--2-->
		<track source="2.png" width="200" height="348" clipStart="0" clipDuration="1200">
			<effect name="transform">
				<param name="anchorY" value="-400"/>
				<animation paramName="scaleX">
					<key time="0" value="0.85" curveMode="outQuad" 
curvePeriod="0.5" curveAmplitude="1" curveOvershoot="1.7"/>
					<key time="150" value="1"/>
				</animation>
				<animation paramName="scaleY">
					<key time="0" value="0" curveMode="outQuad" 
curvePeriod="0.5" curveAmplitude="1" curveOvershoot="1.7"/>
					<key time="150" value="1.2"/>
					<key time="250" value="1"/>
				</animation>
				<param name="rotationZ" value="22"/>
				<param name="transX" value="-30"/>
				<animation paramName="opacity">
					<key time="0" value="1"/>
					<key time="750" value="1"/>
					<key time="751" value="0"/>
					<key time="849" value="0"/>
					<key time="850" value="1"/>
					<key time="1000" value="1"/>
					<key time="1001" value="0"/>
					<key time="1050" value="0"/>
					<key time="1099" value="0"/>
					<key time="1100" value="1"/>
					<key time="1200" value="1"/>
					<key time="3000" value="1"/>
				</animation>
			</effect>
			<effect name="fastBlur">
				<param name="radius" value="1"/>
			</effect>
		</track>
		<!--2循环-->
		<track source="2.png" width="200" height="348" clipStart="1200" clipDuration="800" repeat="true">
			<effect name="transform">
				<param name="anchorY" value="-400"/>	
				<param name="rotationZ" value="22"/>
				<param name="transX" value="-30"/>
			</effect>
			<effect name="fastBlur">
				<param name="radius" value="1"/>
			</effect>
		</track>
		<!--3-->
		<track source="3.png" width="200" height="348" clipStart="0" clipDuration="1200">
			<effect name="transform">
				<param name="anchorY" value="-400"/>
				<animation paramName="scaleX">
					<key time="0" value="0.85" curveMode="outQuad" 
curvePeriod="0.5" curveAmplitude="1" curveOvershoot="1.7"/>
					<key time="150" value="1"/>
				</animation>
				<animation paramName="scaleY">
					<key time="0" value="0" curveMode="outQuad" 
curvePeriod="0.5" curveAmplitude="1" curveOvershoot="1.7"/>
					<key time="150" value="1.2"/>
					<key time="250" value="1"/>
				</animation>
				<param name="rotationZ" value="-6"/>
				<param name="transX" value="60"/>
				<animation paramName="opacity">
					<key time="0" value="1"/>
					<key time="750" value="1"/>
					<key time="751" value="0"/>
					<key time="849" value="0"/>
					<key time="850" value="1"/>
					<key time="1000" value="1"/>
					<key time="1001" value="0"/>
					<key time="1050" value="0"/>
					<key time="1099" value="0"/>
					<key time="1100" value="1"/>
					<key time="1200" value="1"/>
					<key time="3000" value="1"/>
				</animation>
			</effect>
			<effect name="fastBlur">
				<param name="radius" value="1"/>
			</effect>
		</track>
		<!--3循环-->
		<track source="3.png" width="200" height="348" clipStart="1200" clipDuration="800" repeat="true">
			<effect name="transform">
				<param name="anchorY" value="-400"/>
				<param name="rotationZ" value="-6"/>
				<param name="transX" value="60"/>
			</effect>
			<effect name="fastBlur">
				<param name="radius" value="1"/>
			</effect>
		</track>
		<!--4-->
		<track source="4.png" width="200" height="348" clipStart="0" clipDuration="1200">
			<effect name="transform">
				<param name="anchorY" value="-400"/>
				<animation paramName="scaleX">
					<key time="0" value="0.85" curveMode="outQuad" 
curvePeriod="0.5" curveAmplitude="1" curveOvershoot="1.7"/>
					<key time="150" value="1"/>
				</animation>
				<animation paramName="scaleY">
					<key time="0" value="0" curveMode="outQuad" 
curvePeriod="0.5" curveAmplitude="1" curveOvershoot="1.7"/>
					<key time="150" value="1.2"/>
					<key time="250" value="1"/>
				</animation>
				<param name="rotationZ" value="-30"/>
				<param name="transX" value="80"/>
				<animation paramName="opacity">
					<key time="0" value="1"/>
					<key time="750" value="1"/>
					<key time="751" value="0"/>
					<key time="849" value="0"/>
					<key time="850" value="1"/>
					<key time="1000" value="1"/>
					<key time="1001" value="0"/>
					<key time="1050" value="0"/>
					<key time="1099" value="0"/>
					<key time="1100" value="1"/>
					<key time="1200" value="1"/>
					<key time="3000" value="1"/>
				</animation>
			</effect>
			<effect name="fastBlur">
				<param name="radius" value="1"/>
			</effect>
		</track>
		<!--4循环-->
		<track source="4.png" width="200" height="348" clipStart="1200" clipDuration="800" repeat="true">
			<effect name="transform">
				<param name="anchorY" value="-400"/>
				<param name="rotationZ" value="-30"/>
				<param name="transX" value="80"/>
			</effect>
			<effect name="fastBlur">
				<param name="radius" value="1"/>
			</effect>
		</track>
		<effect name="transform">
			<param name="transX" value="30"/>
			<param name="scaleX" value="0.5"/>
			<param name="scaleY" value="0.5"/>
			<param name="rotationZ" value="-90"/>
		</effect>
	</trackGroup>
</storyboard>
	