{
  "storyboard": {
    "sceneWidth": "1280",
    "sceneHeight": "720",
    "stickerCenterX": "0",
    "stickerCenterY": "0",
    "stickerWidth": "520",
    "stickerHeight": "300",
    "stickerPosterTimeHint": "1200",
    "stickerDuration": "3400",
    "trackGroup": {
      "track": [
        {
          "source": "h.png",
          "width": "130",
          "height": "180",
          "clipStart": "0",
          "clipDuration": "100000",
          "repeat": "true",
          "effect": {
            "name": "transform",
            "param": [
              {
                "name": "transX",
                "value": "250"
              },
              {
                "name": "transY",
                "value": "100"
              },
              {
                "name": "anchorX",
                "value": "10"
              },
              {
                "name": "anchorY",
                "value": "125"
              }
            ],
            "animation": [
              {
                "paramName": "scaleX",
                "wrapMode": "intervalRepeat",
                "intervalLength": "1000",
                "key": [
                  {
                    "time": "0",
                    "value": "0"
                  },
                  {
                    "time": "300",
                    "value": "1.3"
                  },
                  {
                    "time": "500",
                    "value": "0.9"
                  },
                  {
                    "time": "700",
                    "value": "1",
                    "curveMode": "inOutQuad",
                    "curvePeriod": "0.3",
                    "curveAmplitude": "1",
                    "curveOvershoot": "1.7"
                  },
                  {
                    "time": "1200",
                    "value": "0.9",
                    "curveMode": "inOutQuad",
                    "curvePeriod": "0.3",
                    "curveAmplitude": "1",
                    "curveOvershoot": "1.7"
                  },
                  {
                    "time": "1700",
                    "value": "1"
                  }
                ]
              },
              {
                "paramName": "scaleY",
                "wrapMode": "intervalRepeat",
                "intervalLength": "1000",
                "key": [
                  {
                    "time": "0",
                    "value": "0"
                  },
                  {
                    "time": "300",
                    "value": "1.3"
                  },
                  {
                    "time": "500",
                    "value": "0.9"
                  },
                  {
                    "time": "700",
                    "value": "1",
                    "curveMode": "inOutQuad",
                    "curvePeriod": "0.3",
                    "curveAmplitude": "1",
                    "curveOvershoot": "1.7"
                  },
                  {
                    "time": "1200",
                    "value": "0.9",
                    "curveMode": "inOutQuad",
                    "curvePeriod": "0.3",
                    "curveAmplitude": "1",
                    "curveOvershoot": "1.7"
                  },
                  {
                    "time": "1700",
                    "value": "1"
                  }
                ]
              },
              {
                "paramName": "rotationZ",
                "wrapMode": "intervalRepeat",
                "intervalLength": "1000",
                "key": [
                  {
                    "time": "0",
                    "value": "10"
                  },
                  {
                    "time": "300",
                    "value": "10"
                  },
                  {
                    "time": "500",
                    "value": "5"
                  },
                  {
                    "time": "700",
                    "value": "0",
                    "curveMode": "inOutQuad",
                    "curvePeriod": "0.3",
                    "curveAmplitude": "1",
                    "curveOvershoot": "1.7"
                  },
                  {
                    "time": "1200",
                    "value": "5",
                    "curveMode": "inOutQuad",
                    "curvePeriod": "0.3",
                    "curveAmplitude": "1",
                    "curveOvershoot": "1.7"
                  },
                  {
                    "time": "1700",
                    "value": "0"
                  }
                ]
              }
            ]
          }
        },
        {
          "source": "a.png",
          "width": "118",
          "height": "150",
          "clipStart": "200",
          "clipDuration": "100000",
          "repeat": "true",
          "effect": {
            "name": "transform",
            "param": [
              {
                "name": "transX",
                "value": "130"
              },
              {
                "name": "transY",
                "value": "100"
              },
              {
                "name": "anchorY",
                "value": "130"
              }
            ],
            "animation": [
              {
                "paramName": "scaleX",
                "wrapMode": "intervalRepeat",
                "intervalLength": "1000",
                "key": [
                  {
                    "time": "0",
                    "value": "0"
                  },
                  {
                    "time": "300",
                    "value": "1.3"
                  },
                  {
                    "time": "500",
                    "value": "0.9"
                  },
                  {
                    "time": "700",
                    "value": "1",
                    "curveMode": "inOutQuad",
                    "curvePeriod": "0.3",
                    "curveAmplitude": "1",
                    "curveOvershoot": "1.7"
                  },
                  {
                    "time": "1200",
                    "value": "0.7",
                    "curveMode": "inOutQuad",
                    "curvePeriod": "0.3",
                    "curveAmplitude": "1",
                    "curveOvershoot": "1.7"
                  },
                  {
                    "time": "1700",
                    "value": "1"
                  }
                ]
              },
              {
                "paramName": "scaleY",
                "wrapMode": "intervalRepeat",
                "intervalLength": "1000",
                "key": [
                  {
                    "time": "0",
                    "value": "0"
                  },
                  {
                    "time": "300",
                    "value": "1.3"
                  },
                  {
                    "time": "500",
                    "value": "0.9"
                  },
                  {
                    "time": "700",
                    "value": "1",
                    "curveMode": "inOutQuad",
                    "curvePeriod": "0.3",
                    "curveAmplitude": "1",
                    "curveOvershoot": "1.7"
                  },
                  {
                    "time": "1200",
                    "value": "0.7",
                    "curveMode": "inOutQuad",
                    "curvePeriod": "0.3",
                    "curveAmplitude": "1",
                    "curveOvershoot": "1.7"
                  },
                  {
                    "time": "1700",
                    "value": "1"
                  }
                ]
              },
              {
                "paramName": "rotationZ",
                "wrapMode": "intervalRepeat",
                "intervalLength": "1000",
                "key": [
                  {
                    "time": "0",
                    "value": "10"
                  },
                  {
                    "time": "300",
                    "value": "10"
                  },
                  {
                    "time": "500",
                    "value": "5"
                  },
                  {
                    "time": "700",
                    "value": "0",
                    "curveMode": "inOutQuad",
                    "curvePeriod": "0.3",
                    "curveAmplitude": "1",
                    "curveOvershoot": "1.7"
                  },
                  {
                    "time": "1200",
                    "value": "5",
                    "curveMode": "inOutQuad",
                    "curvePeriod": "0.3",
                    "curveAmplitude": "1",
                    "curveOvershoot": "1.7"
                  },
                  {
                    "time": "1700",
                    "value": "0"
                  }
                ]
              }
            ]
          }
        },
        {
          "source": "pa.png",
          "width": "98",
          "height": "160",
          "clipStart": "400",
          "clipDuration": "100000",
          "repeat": "true",
          "effect": {
            "name": "transform",
            "param": [
              {
                "name": "transX",
                "value": "30"
              },
              {
                "name": "transY",
                "value": "100"
              }
            ],
            "animation": [
              {
                "paramName": "scaleX",
                "wrapMode": "intervalRepeat",
                "intervalLength": "1000",
                "key": [
                  {
                    "time": "0",
                    "value": "0"
                  },
                  {
                    "time": "300",
                    "value": "1.3"
                  },
                  {
                    "time": "500",
                    "value": "0.9"
                  },
                  {
                    "time": "700",
                    "value": "1.1",
                    "curveMode": "inOutQuad",
                    "curvePeriod": "0.3",
                    "curveAmplitude": "1",
                    "curveOvershoot": "1.7"
                  },
                  {
                    "time": "1200",
                    "value": "0.8",
                    "curveMode": "inOutQuad",
                    "curvePeriod": "0.3",
                    "curveAmplitude": "1",
                    "curveOvershoot": "1.7"
                  },
                  {
                    "time": "1700",
                    "value": "1.1"
                  }
                ]
              },
              {
                "paramName": "scaleY",
                "wrapMode": "intervalRepeat",
                "intervalLength": "1000",
                "key": [
                  {
                    "time": "0",
                    "value": "0"
                  },
                  {
                    "time": "300",
                    "value": "1.3"
                  },
                  {
                    "time": "500",
                    "value": "0.9"
                  },
                  {
                    "time": "700",
                    "value": "1.1",
                    "curveMode": "inOutQuad",
                    "curvePeriod": "0.3",
                    "curveAmplitude": "1",
                    "curveOvershoot": "1.7"
                  },
                  {
                    "time": "1200",
                    "value": "0.8",
                    "curveMode": "inOutQuad",
                    "curvePeriod": "0.3",
                    "curveAmplitude": "1",
                    "curveOvershoot": "1.7"
                  },
                  {
                    "time": "1700",
                    "value": "1.1"
                  }
                ]
              }
            ]
          }
        },
        {
          "source": "p2.png",
          "width": "64",
          "height": "140",
          "clipStart": "100",
          "clipDuration": "100000",
          "repeat": "true",
          "effect": {
            "name": "transform",
            "param": [
              {
                "name": "transX",
                "value": "70"
              },
              {
                "name": "transY",
                "value": "90"
              },
              {
                "name": "anchorY",
                "value": "96"
              }
            ],
            "animation": [
              {
                "paramName": "scaleX",
                "wrapMode": "intervalRepeat",
                "intervalLength": "1000",
                "key": [
                  {
                    "time": "0",
                    "value": "0"
                  },
                  {
                    "time": "300",
                    "value": "1.3"
                  },
                  {
                    "time": "500",
                    "value": "0.9"
                  },
                  {
                    "time": "700",
                    "value": "1",
                    "curveMode": "inOutQuad",
                    "curvePeriod": "0.3",
                    "curveAmplitude": "1",
                    "curveOvershoot": "1.7"
                  },
                  {
                    "time": "1200",
                    "value": "0.9",
                    "curveMode": "inOutQuad",
                    "curvePeriod": "0.3",
                    "curveAmplitude": "1",
                    "curveOvershoot": "1.7"
                  },
                  {
                    "time": "1700",
                    "value": "1"
                  }
                ]
              },
              {
                "paramName": "scaleY",
                "wrapMode": "intervalRepeat",
                "intervalLength": "1000",
                "key": [
                  {
                    "time": "0",
                    "value": "0"
                  },
                  {
                    "time": "300",
                    "value": "1.3"
                  },
                  {
                    "time": "500",
                    "value": "0.9"
                  },
                  {
                    "time": "700",
                    "value": "1",
                    "curveMode": "inOutQuad",
                    "curvePeriod": "0.3",
                    "curveAmplitude": "1",
                    "curveOvershoot": "1.7"
                  },
                  {
                    "time": "1200",
                    "value": "0.9",
                    "curveMode": "inOutQuad",
                    "curvePeriod": "0.3",
                    "curveAmplitude": "1",
                    "curveOvershoot": "1.7"
                  },
                  {
                    "time": "1700",
                    "value": "1"
                  }
                ]
              },
              {
                "paramName": "rotationZ",
                "wrapMode": "intervalRepeat",
                "intervalLength": "1000",
                "key": [
                  {
                    "time": "0",
                    "value": "10"
                  },
                  {
                    "time": "300",
                    "value": "10"
                  },
                  {
                    "time": "500",
                    "value": "5"
                  },
                  {
                    "time": "700",
                    "value": "0",
                    "curveMode": "inOutQuad",
                    "curvePeriod": "0.3",
                    "curveAmplitude": "1",
                    "curveOvershoot": "1.7"
                  },
                  {
                    "time": "1200",
                    "value": "5",
                    "curveMode": "inOutQuad",
                    "curvePeriod": "0.3",
                    "curveAmplitude": "1",
                    "curveOvershoot": "1.7"
                  },
                  {
                    "time": "1700",
                    "value": "0"
                  }
                ]
              }
            ]
          }
        },
        {
          "source": "y.png",
          "width": "92",
          "height": "140",
          "clipStart": "0",
          "clipDuration": "100000",
          "repeat": "true",
          "effect": {
            "name": "transform",
            "param": [
              {
                "name": "transX",
                "value": "140"
              },
              {
                "name": "transY",
                "value": "90"
              }
            ],
            "animation": [
              {
                "paramName": "scaleX",
                "wrapMode": "intervalRepeat",
                "intervalLength": "1000",
                "key": [
                  {
                    "time": "0",
                    "value": "0"
                  },
                  {
                    "time": "300",
                    "value": "1.3"
                  },
                  {
                    "time": "500",
                    "value": "0.9"
                  },
                  {
                    "time": "700",
                    "value": "1",
                    "curveMode": "inOutQuad",
                    "curvePeriod": "0.3",
                    "curveAmplitude": "1",
                    "curveOvershoot": "1.7"
                  },
                  {
                    "time": "1200",
                    "value": "0.9",
                    "curveMode": "inOutQuad",
                    "curvePeriod": "0.3",
                    "curveAmplitude": "1",
                    "curveOvershoot": "1.7"
                  },
                  {
                    "time": "1700",
                    "value": "1"
                  }
                ]
              },
              {
                "paramName": "scaleY",
                "wrapMode": "intervalRepeat",
                "intervalLength": "1000",
                "key": [
                  {
                    "time": "0",
                    "value": "0"
                  },
                  {
                    "time": "300",
                    "value": "1.3"
                  },
                  {
                    "time": "500",
                    "value": "0.9"
                  },
                  {
                    "time": "700",
                    "value": "1",
                    "curveMode": "inOutQuad",
                    "curvePeriod": "0.3",
                    "curveAmplitude": "1",
                    "curveOvershoot": "1.7"
                  },
                  {
                    "time": "1200",
                    "value": "0.9",
                    "curveMode": "inOutQuad",
                    "curvePeriod": "0.3",
                    "curveAmplitude": "1",
                    "curveOvershoot": "1.7"
                  },
                  {
                    "time": "1700",
                    "value": "1"
                  }
                ]
              }
            ]
          }
        },
        {
          "source": "b.png",
          "width": "94",
          "height": "162",
          "clipStart": "300",
          "clipDuration": "100000",
          "repeat": "true",
          "effect": {
            "name": "transform",
            "param": [
              {
                "name": "transX",
                "value": "290"
              },
              {
                "name": "transY",
                "value": "120"
              },
              {
                "name": "anchorY",
                "value": "70"
              }
            ],
            "animation": [
              {
                "paramName": "scaleX",
                "wrapMode": "intervalRepeat",
                "intervalLength": "1000",
                "key": [
                  {
                    "time": "0",
                    "value": "0"
                  },
                  {
                    "time": "300",
                    "value": "1.3"
                  },
                  {
                    "time": "500",
                    "value": "1"
                  },
                  {
                    "time": "700",
                    "value": "1.1",
                    "curveMode": "inOutQuad",
                    "curvePeriod": "0.3",
                    "curveAmplitude": "1",
                    "curveOvershoot": "1.7"
                  },
                  {
                    "time": "1200",
                    "value": "1.2",
                    "curveMode": "inOutQuad",
                    "curvePeriod": "0.3",
                    "curveAmplitude": "1",
                    "curveOvershoot": "1.7"
                  },
                  {
                    "time": "1700",
                    "value": "1.1"
                  }
                ]
              },
              {
                "paramName": "scaleY",
                "wrapMode": "intervalRepeat",
                "intervalLength": "1000",
                "key": [
                  {
                    "time": "0",
                    "value": "0"
                  },
                  {
                    "time": "300",
                    "value": "1.3"
                  },
                  {
                    "time": "500",
                    "value": "1"
                  },
                  {
                    "time": "700",
                    "value": "1.1",
                    "curveMode": "inOutQuad",
                    "curvePeriod": "0.3",
                    "curveAmplitude": "1",
                    "curveOvershoot": "1.7"
                  },
                  {
                    "time": "1200",
                    "value": "1.2",
                    "curveMode": "inOutQuad",
                    "curvePeriod": "0.3",
                    "curveAmplitude": "1",
                    "curveOvershoot": "1.7"
                  },
                  {
                    "time": "1700",
                    "value": "1.1"
                  }
                ]
              },
              {
                "paramName": "rotationZ",
                "wrapMode": "intervalRepeat",
                "intervalLength": "1000",
                "key": [
                  {
                    "time": "0",
                    "value": "20"
                  },
                  {
                    "time": "300",
                    "value": "5"
                  },
                  {
                    "time": "500",
                    "value": "15"
                  },
                  {
                    "time": "700",
                    "value": "0",
                    "curveMode": "inOutQuad",
                    "curvePeriod": "0.3",
                    "curveAmplitude": "1",
                    "curveOvershoot": "1.7"
                  },
                  {
                    "time": "1200",
                    "value": "10",
                    "curveMode": "inOutQuad",
                    "curvePeriod": "0.3",
                    "curveAmplitude": "1",
                    "curveOvershoot": "1.7"
                  },
                  {
                    "time": "1700",
                    "value": "0"
                  }
                ]
              }
            ]
          }
        },
        {
          "source": "i.png",
          "width": "38",
          "height": "160",
          "clipStart": "200",
          "clipDuration": "100000",
          "repeat": "true",
          "effect": {
            "name": "transform",
            "param": [
              {
                "name": "transX",
                "value": "220"
              },
              {
                "name": "transY",
                "value": "100"
              }
            ],
            "animation": [
              {
                "paramName": "scaleX",
                "wrapMode": "intervalRepeat",
                "intervalLength": "1000",
                "key": [
                  {
                    "time": "0",
                    "value": "0"
                  },
                  {
                    "time": "300",
                    "value": "1.3"
                  },
                  {
                    "time": "500",
                    "value": "0.9"
                  },
                  {
                    "time": "700",
                    "value": "1",
                    "curveMode": "inOutQuad",
                    "curvePeriod": "0.3",
                    "curveAmplitude": "1",
                    "curveOvershoot": "1.7"
                  },
                  {
                    "time": "1200",
                    "value": "0.9",
                    "curveMode": "inOutQuad",
                    "curvePeriod": "0.3",
                    "curveAmplitude": "1",
                    "curveOvershoot": "1.7"
                  },
                  {
                    "time": "1700",
                    "value": "1"
                  }
                ]
              },
              {
                "paramName": "scaleY",
                "wrapMode": "intervalRepeat",
                "intervalLength": "1000",
                "key": [
                  {
                    "time": "0",
                    "value": "0"
                  },
                  {
                    "time": "300",
                    "value": "1.3"
                  },
                  {
                    "time": "500",
                    "value": "0.9"
                  },
                  {
                    "time": "700",
                    "value": "1",
                    "curveMode": "inOutQuad",
                    "curvePeriod": "0.3",
                    "curveAmplitude": "1",
                    "curveOvershoot": "1.7"
                  },
                  {
                    "time": "1200",
                    "value": "0.9",
                    "curveMode": "inOutQuad",
                    "curvePeriod": "0.3",
                    "curveAmplitude": "1",
                    "curveOvershoot": "1.7"
                  },
                  {
                    "time": "1700",
                    "value": "1"
                  }
                ]
              }
            ]
          }
        },
        {
          "source": "r.png",
          "width": "90",
          "height": "150",
          "clipStart": "0",
          "clipDuration": "100000",
          "repeat": "true",
          "effect": {
            "name": "transform",
            "param": [
              {
                "name": "transX",
                "value": "130"
              },
              {
                "name": "transY",
                "value": "100"
              },
              {
                "name": "anchorY",
                "value": "136"
              }
            ],
            "animation": [
              {
                "paramName": "scaleX",
                "wrapMode": "intervalRepeat",
                "intervalLength": "1000",
                "key": [
                  {
                    "time": "0",
                    "value": "0"
                  },
                  {
                    "time": "300",
                    "value": "1.3"
                  },
                  {
                    "time": "500",
                    "value": "0.9"
                  },
                  {
                    "time": "700",
                    "value": "1",
                    "curveMode": "inOutQuad",
                    "curvePeriod": "0.3",
                    "curveAmplitude": "1",
                    "curveOvershoot": "1.7"
                  },
                  {
                    "time": "1200",
                    "value": "0.9",
                    "curveMode": "inOutQuad",
                    "curvePeriod": "0.3",
                    "curveAmplitude": "1",
                    "curveOvershoot": "1.7"
                  },
                  {
                    "time": "1700",
                    "value": "1"
                  }
                ]
              },
              {
                "paramName": "scaleY",
                "wrapMode": "intervalRepeat",
                "intervalLength": "1000",
                "key": [
                  {
                    "time": "0",
                    "value": "0"
                  },
                  {
                    "time": "300",
                    "value": "1.3"
                  },
                  {
                    "time": "500",
                    "value": "0.9"
                  },
                  {
                    "time": "700",
                    "value": "1",
                    "curveMode": "inOutQuad",
                    "curvePeriod": "0.3",
                    "curveAmplitude": "1",
                    "curveOvershoot": "1.7"
                  },
                  {
                    "time": "1200",
                    "value": "0.9",
                    "curveMode": "inOutQuad",
                    "curvePeriod": "0.3",
                    "curveAmplitude": "1",
                    "curveOvershoot": "1.7"
                  },
                  {
                    "time": "1700",
                    "value": "1"
                  }
                ]
              },
              {
                "paramName": "rotationZ",
                "wrapMode": "intervalRepeat",
                "intervalLength": "1000",
                "key": [
                  {
                    "time": "0",
                    "value": "10"
                  },
                  {
                    "time": "300",
                    "value": "10"
                  },
                  {
                    "time": "500",
                    "value": "5"
                  },
                  {
                    "time": "700",
                    "value": "0",
                    "curveMode": "inOutQuad",
                    "curvePeriod": "0.3",
                    "curveAmplitude": "1",
                    "curveOvershoot": "1.7"
                  },
                  {
                    "time": "1200",
                    "value": "5",
                    "curveMode": "inOutQuad",
                    "curvePeriod": "0.3",
                    "curveAmplitude": "1",
                    "curveOvershoot": "1.7"
                  },
                  {
                    "time": "1700",
                    "value": "0"
                  }
                ]
              }
            ]
          }
        },
        {
          "source": "t.png",
          "width": "58",
          "height": "170",
          "clipStart": "100",
          "clipDuration": "100000",
          "repeat": "true",
          "effect": {
            "name": "transform",
            "param": [
              {
                "name": "transX",
                "value": "70"
              },
              {
                "name": "transY",
                "value": "100"
              }
            ],
            "animation": [
              {
                "paramName": "scaleX",
                "wrapMode": "intervalRepeat",
                "intervalLength": "1000",
                "key": [
                  {
                    "time": "0",
                    "value": "0"
                  },
                  {
                    "time": "300",
                    "value": "1.3"
                  },
                  {
                    "time": "500",
                    "value": "0.9"
                  },
                  {
                    "time": "700",
                    "value": "1",
                    "curveMode": "inOutQuad",
                    "curvePeriod": "0.3",
                    "curveAmplitude": "1",
                    "curveOvershoot": "1.7"
                  },
                  {
                    "time": "1200",
                    "value": "0.9",
                    "curveMode": "inOutQuad",
                    "curvePeriod": "0.3",
                    "curveAmplitude": "1",
                    "curveOvershoot": "1.7"
                  },
                  {
                    "time": "1700",
                    "value": "1"
                  }
                ]
              },
              {
                "paramName": "scaleY",
                "wrapMode": "intervalRepeat",
                "intervalLength": "1000",
                "key": [
                  {
                    "time": "0",
                    "value": "0"
                  },
                  {
                    "time": "300",
                    "value": "1.3"
                  },
                  {
                    "time": "500",
                    "value": "0.9"
                  },
                  {
                    "time": "700",
                    "value": "1",
                    "curveMode": "inOutQuad",
                    "curvePeriod": "0.3",
                    "curveAmplitude": "1",
                    "curveOvershoot": "1.7"
                  },
                  {
                    "time": "1200",
                    "value": "0.9",
                    "curveMode": "inOutQuad",
                    "curvePeriod": "0.3",
                    "curveAmplitude": "1",
                    "curveOvershoot": "1.7"
                  },
                  {
                    "time": "1700",
                    "value": "1"
                  }
                ]
              }
            ]
          }
        },
        {
          "source": "h2.png",
          "width": "80",
          "height": "170",
          "clipStart": "300",
          "clipDuration": "100000",
          "repeat": "true",
          "effect": {
            "name": "transform",
            "param": [
              {
                "name": "transX",
                "value": "0"
              },
              {
                "name": "transY",
                "value": "110"
              }
            ],
            "animation": [
              {
                "paramName": "scaleX",
                "wrapMode": "intervalRepeat",
                "intervalLength": "1000",
                "key": [
                  {
                    "time": "0",
                    "value": "0"
                  },
                  {
                    "time": "300",
                    "value": "1.3"
                  },
                  {
                    "time": "500",
                    "value": "0.9"
                  },
                  {
                    "time": "700",
                    "value": "1",
                    "curveMode": "inOutQuad",
                    "curvePeriod": "0.3",
                    "curveAmplitude": "1",
                    "curveOvershoot": "1.7"
                  },
                  {
                    "time": "1200",
                    "value": "0.9",
                    "curveMode": "inOutQuad",
                    "curvePeriod": "0.3",
                    "curveAmplitude": "1",
                    "curveOvershoot": "1.7"
                  },
                  {
                    "time": "1700",
                    "value": "1"
                  }
                ]
              },
              {
                "paramName": "scaleY",
                "wrapMode": "intervalRepeat",
                "intervalLength": "1000",
                "key": [
                  {
                    "time": "0",
                    "value": "0"
                  },
                  {
                    "time": "300",
                    "value": "1.3"
                  },
                  {
                    "time": "500",
                    "value": "0.9"
                  },
                  {
                    "time": "700",
                    "value": "1",
                    "curveMode": "inOutQuad",
                    "curvePeriod": "0.3",
                    "curveAmplitude": "1",
                    "curveOvershoot": "1.7"
                  },
                  {
                    "time": "1200",
                    "value": "0.9",
                    "curveMode": "inOutQuad",
                    "curvePeriod": "0.3",
                    "curveAmplitude": "1",
                    "curveOvershoot": "1.7"
                  },
                  {
                    "time": "1700",
                    "value": "1"
                  }
                ]
              }
            ]
          }
        },
        {
          "source": "d.png",
          "width": "106",
          "height": "160",
          "clipStart": "150",
          "clipDuration": "100000",
          "repeat": "true",
          "effect": {
            "name": "transform",
            "param": [
              {
                "name": "transX",
                "value": "100"
              },
              {
                "name": "transY",
                "value": "100"
              },
              {
                "name": "anchorY",
                "value": "120"
              }
            ],
            "animation": [
              {
                "paramName": "scaleX",
                "wrapMode": "intervalRepeat",
                "intervalLength": "1000",
                "key": [
                  {
                    "time": "0",
                    "value": "0"
                  },
                  {
                    "time": "300",
                    "value": "1.3"
                  },
                  {
                    "time": "500",
                    "value": "0.9"
                  },
                  {
                    "time": "700",
                    "value": "1",
                    "curveMode": "inOutQuad",
                    "curvePeriod": "0.3",
                    "curveAmplitude": "1",
                    "curveOvershoot": "1.7"
                  },
                  {
                    "time": "1200",
                    "value": "0.8",
                    "curveMode": "inOutQuad",
                    "curvePeriod": "0.3",
                    "curveAmplitude": "1",
                    "curveOvershoot": "1.7"
                  },
                  {
                    "time": "1700",
                    "value": "1"
                  }
                ]
              },
              {
                "paramName": "scaleY",
                "wrapMode": "intervalRepeat",
                "intervalLength": "1000",
                "key": [
                  {
                    "time": "0",
                    "value": "0"
                  },
                  {
                    "time": "300",
                    "value": "1.3"
                  },
                  {
                    "time": "500",
                    "value": "0.9"
                  },
                  {
                    "time": "700",
                    "value": "1",
                    "curveMode": "inOutQuad",
                    "curvePeriod": "0.3",
                    "curveAmplitude": "1",
                    "curveOvershoot": "1.7"
                  },
                  {
                    "time": "1200",
                    "value": "0.8",
                    "curveMode": "inOutQuad",
                    "curvePeriod": "0.3",
                    "curveAmplitude": "1",
                    "curveOvershoot": "1.7"
                  },
                  {
                    "time": "1700",
                    "value": "1"
                  }
                ]
              },
              {
                "paramName": "rotationZ",
                "wrapMode": "intervalRepeat",
                "intervalLength": "1000",
                "key": [
                  {
                    "time": "0",
                    "value": "10"
                  },
                  {
                    "time": "300",
                    "value": "10"
                  },
                  {
                    "time": "500",
                    "value": "5"
                  },
                  {
                    "time": "700",
                    "value": "0",
                    "curveMode": "inOutQuad",
                    "curvePeriod": "0.3",
                    "curveAmplitude": "1",
                    "curveOvershoot": "1.7"
                  },
                  {
                    "time": "1200",
                    "value": "5",
                    "curveMode": "inOutQuad",
                    "curvePeriod": "0.3",
                    "curveAmplitude": "1",
                    "curveOvershoot": "1.7"
                  },
                  {
                    "time": "1700",
                    "value": "0"
                  }
                ]
              }
            ]
          }
        },
        {
          "source": "a2.png",
          "width": "96",
          "height": "130",
          "clipStart": "100",
          "clipDuration": "100000",
          "repeat": "true",
          "effect": {
            "name": "transform",
            "param": [
              {
                "name": "transX",
                "value": "200"
              },
              {
                "name": "transY",
                "value": "100"
              }
            ],
            "animation": [
              {
                "paramName": "scaleX",
                "wrapMode": "intervalRepeat",
                "intervalLength": "1000",
                "key": [
                  {
                    "time": "0",
                    "value": "0"
                  },
                  {
                    "time": "300",
                    "value": "1.3"
                  },
                  {
                    "time": "500",
                    "value": "0.9"
                  },
                  {
                    "time": "700",
                    "value": "1.1",
                    "curveMode": "inOutQuad",
                    "curvePeriod": "0.3",
                    "curveAmplitude": "1",
                    "curveOvershoot": "1.7"
                  },
                  {
                    "time": "1200",
                    "value": "0.9",
                    "curveMode": "inOutQuad",
                    "curvePeriod": "0.3",
                    "curveAmplitude": "1",
                    "curveOvershoot": "1.7"
                  },
                  {
                    "time": "1700",
                    "value": "1.1"
                  }
                ]
              },
              {
                "paramName": "scaleY",
                "wrapMode": "intervalRepeat",
                "intervalLength": "1000",
                "key": [
                  {
                    "time": "0",
                    "value": "0"
                  },
                  {
                    "time": "300",
                    "value": "1.3"
                  },
                  {
                    "time": "500",
                    "value": "0.9"
                  },
                  {
                    "time": "700",
                    "value": "1.1",
                    "curveMode": "inOutQuad",
                    "curvePeriod": "0.3",
                    "curveAmplitude": "1",
                    "curveOvershoot": "1.7"
                  },
                  {
                    "time": "1200",
                    "value": "0.9",
                    "curveMode": "inOutQuad",
                    "curvePeriod": "0.3",
                    "curveAmplitude": "1",
                    "curveOvershoot": "1.7"
                  },
                  {
                    "time": "1700",
                    "value": "1.1"
                  }
                ]
              },
              {
                "paramName": "rotationZ",
                "wrapMode": "intervalRepeat",
                "intervalLength": "1000",
                "key": [
                  {
                    "time": "0",
                    "value": "15"
                  },
                  {
                    "time": "300",
                    "value": "10"
                  },
                  {
                    "time": "500",
                    "value": "5"
                  },
                  {
                    "time": "700",
                    "value": "5",
                    "curveMode": "inOutQuad",
                    "curvePeriod": "0.3",
                    "curveAmplitude": "1",
                    "curveOvershoot": "1.7"
                  },
                  {
                    "time": "1200",
                    "value": "15",
                    "curveMode": "inOutQuad",
                    "curvePeriod": "0.3",
                    "curveAmplitude": "1",
                    "curveOvershoot": "1.7"
                  },
                  {
                    "time": "1700",
                    "value": "5"
                  }
                ]
              }
            ]
          }
        },
        {
          "source": "y2.png",
          "width": "152",
          "height": "180",
          "clipStart": "0",
          "clipDuration": "100000",
          "repeat": "true",
          "effect": {
            "name": "transform",
            "param": [
              {
                "name": "transX",
                "value": "290"
              },
              {
                "name": "transY",
                "value": "130"
              },
              {
                "name": "anchorX",
                "value": "90"
              },
              {
                "name": "anchorY",
                "value": "105"
              }
            ],
            "animation": [
              {
                "paramName": "scaleX",
                "wrapMode": "intervalRepeat",
                "intervalLength": "1000",
                "key": [
                  {
                    "time": "0",
                    "value": "0"
                  },
                  {
                    "time": "300",
                    "value": "1.3"
                  },
                  {
                    "time": "500",
                    "value": "0.9"
                  },
                  {
                    "time": "700",
                    "value": "1",
                    "curveMode": "inOutQuad",
                    "curvePeriod": "0.3",
                    "curveAmplitude": "1",
                    "curveOvershoot": "1.7"
                  },
                  {
                    "time": "1200",
                    "value": "0.9",
                    "curveMode": "inOutQuad",
                    "curvePeriod": "0.3",
                    "curveAmplitude": "1",
                    "curveOvershoot": "1.7"
                  },
                  {
                    "time": "1700",
                    "value": "1"
                  }
                ]
              },
              {
                "paramName": "scaleY",
                "wrapMode": "intervalRepeat",
                "intervalLength": "1000",
                "key": [
                  {
                    "time": "0",
                    "value": "0"
                  },
                  {
                    "time": "300",
                    "value": "1.3"
                  },
                  {
                    "time": "500",
                    "value": "0.9"
                  },
                  {
                    "time": "700",
                    "value": "1",
                    "curveMode": "inOutQuad",
                    "curvePeriod": "0.3",
                    "curveAmplitude": "1",
                    "curveOvershoot": "1.7"
                  },
                  {
                    "time": "1200",
                    "value": "0.9",
                    "curveMode": "inOutQuad",
                    "curvePeriod": "0.3",
                    "curveAmplitude": "1",
                    "curveOvershoot": "1.7"
                  },
                  {
                    "time": "1700",
                    "value": "1"
                  }
                ]
              },
              {
                "paramName": "rotationZ",
                "wrapMode": "intervalRepeat",
                "intervalLength": "1000",
                "key": [
                  {
                    "time": "0",
                    "value": "15"
                  },
                  {
                    "time": "300",
                    "value": "10"
                  },
                  {
                    "time": "500",
                    "value": "5"
                  },
                  {
                    "time": "700",
                    "value": "0",
                    "curveMode": "inOutQuad",
                    "curvePeriod": "0.3",
                    "curveAmplitude": "1",
                    "curveOvershoot": "1.7"
                  },
                  {
                    "time": "1200",
                    "value": "10",
                    "curveMode": "inOutQuad",
                    "curvePeriod": "0.3",
                    "curveAmplitude": "1",
                    "curveOvershoot": "1.7"
                  },
                  {
                    "time": "1700",
                    "value": "0"
                  }
                ]
              }
            ]
          }
        },
        {
          "source": "mao.png",
          "width": "70",
          "height": "94",
          "clipStart": "300",
          "clipDuration": "100000",
          "repeat": "true",
          "effect": {
            "name": "transform",
            "param": [
              {
                "name": "transX",
                "value": "380"
              },
              {
                "name": "transY",
                "value": "240"
              },
              {
                "name": "anchorY",
                "value": "105"
              }
            ],
            "animation": [
              {
                "paramName": "scaleX",
                "wrapMode": "intervalRepeat",
                "intervalLength": "1000",
                "key": [
                  {
                    "time": "0",
                    "value": "0"
                  },
                  {
                    "time": "300",
                    "value": "1.3"
                  },
                  {
                    "time": "500",
                    "value": "0.9"
                  },
                  {
                    "time": "700",
                    "value": "1",
                    "curveMode": "inOutQuad",
                    "curvePeriod": "0.3",
                    "curveAmplitude": "1",
                    "curveOvershoot": "1.7"
                  },
                  {
                    "time": "1200",
                    "value": "0.9",
                    "curveMode": "inOutQuad",
                    "curvePeriod": "0.3",
                    "curveAmplitude": "1",
                    "curveOvershoot": "1.7"
                  },
                  {
                    "time": "1700",
                    "value": "1"
                  }
                ]
              },
              {
                "paramName": "scaleY",
                "wrapMode": "intervalRepeat",
                "intervalLength": "1000",
                "key": [
                  {
                    "time": "0",
                    "value": "0"
                  },
                  {
                    "time": "300",
                    "value": "1.3"
                  },
                  {
                    "time": "500",
                    "value": "0.9"
                  },
                  {
                    "time": "700",
                    "value": "1",
                    "curveMode": "inOutQuad",
                    "curvePeriod": "0.3",
                    "curveAmplitude": "1",
                    "curveOvershoot": "1.7"
                  },
                  {
                    "time": "1200",
                    "value": "0.9",
                    "curveMode": "inOutQuad",
                    "curvePeriod": "0.3",
                    "curveAmplitude": "1",
                    "curveOvershoot": "1.7"
                  },
                  {
                    "time": "1700",
                    "value": "1"
                  }
                ]
              },
              {
                "paramName": "rotationZ",
                "wrapMode": "intervalRepeat",
                "intervalLength": "1000",
                "key": [
                  {
                    "time": "0",
                    "value": "15"
                  },
                  {
                    "time": "300",
                    "value": "10"
                  },
                  {
                    "time": "500",
                    "value": "5"
                  },
                  {
                    "time": "700",
                    "value": "0",
                    "curveMode": "inOutQuad",
                    "curvePeriod": "0.3",
                    "curveAmplitude": "1",
                    "curveOvershoot": "1.7"
                  },
                  {
                    "time": "1200",
                    "value": "5",
                    "curveMode": "inOutQuad",
                    "curvePeriod": "0.3",
                    "curveAmplitude": "1",
                    "curveOvershoot": "1.7"
                  },
                  {
                    "time": "1700",
                    "value": "0"
                  }
                ]
              }
            ]
          }
        },
        {
          "source": "bangbangtang.png",
          "width": "82",
          "height": "98",
          "clipStart": "500",
          "clipDuration": "100000",
          "repeat": "true",
          "effect": {
            "name": "transform",
            "param": [
              {
                "name": "transX",
                "value": "300"
              },
              {
                "name": "transY",
                "value": "100"
              },
              {
                "name": "anchorY",
                "value": "105"
              }
            ],
            "animation": [
              {
                "paramName": "scaleX",
                "wrapMode": "intervalRepeat",
                "intervalLength": "1000",
                "key": [
                  {
                    "time": "0",
                    "value": "0"
                  },
                  {
                    "time": "300",
                    "value": "1.3"
                  },
                  {
                    "time": "500",
                    "value": "0.9"
                  },
                  {
                    "time": "700",
                    "value": "1",
                    "curveMode": "inOutQuad",
                    "curvePeriod": "0.3",
                    "curveAmplitude": "1",
                    "curveOvershoot": "1.7"
                  },
                  {
                    "time": "1200",
                    "value": "0.9",
                    "curveMode": "inOutQuad",
                    "curvePeriod": "0.3",
                    "curveAmplitude": "1",
                    "curveOvershoot": "1.7"
                  },
                  {
                    "time": "1700",
                    "value": "1"
                  }
                ]
              },
              {
                "paramName": "scaleY",
                "wrapMode": "intervalRepeat",
                "intervalLength": "1000",
                "key": [
                  {
                    "time": "0",
                    "value": "0"
                  },
                  {
                    "time": "300",
                    "value": "1.3"
                  },
                  {
                    "time": "500",
                    "value": "0.9"
                  },
                  {
                    "time": "700",
                    "value": "1",
                    "curveMode": "inOutQuad",
                    "curvePeriod": "0.3",
                    "curveAmplitude": "1",
                    "curveOvershoot": "1.7"
                  },
                  {
                    "time": "1200",
                    "value": "0.9",
                    "curveMode": "inOutQuad",
                    "curvePeriod": "0.3",
                    "curveAmplitude": "1",
                    "curveOvershoot": "1.7"
                  },
                  {
                    "time": "1700",
                    "value": "1"
                  }
                ]
              },
              {
                "paramName": "rotationZ",
                "wrapMode": "intervalRepeat",
                "intervalLength": "1000",
                "key": [
                  {
                    "time": "0",
                    "value": "15"
                  },
                  {
                    "time": "300",
                    "value": "10"
                  },
                  {
                    "time": "500",
                    "value": "5"
                  },
                  {
                    "time": "700",
                    "value": "0",
                    "curveMode": "inOutQuad",
                    "curvePeriod": "0.3",
                    "curveAmplitude": "1",
                    "curveOvershoot": "1.7"
                  },
                  {
                    "time": "1200",
                    "value": "5",
                    "curveMode": "inOutQuad",
                    "curvePeriod": "0.3",
                    "curveAmplitude": "1",
                    "curveOvershoot": "1.7"
                  },
                  {
                    "time": "1700",
                    "value": "0"
                  }
                ]
              }
            ]
          }
        },
        {
          "source": "tangguo.png",
          "width": "66",
          "height": "68",
          "clipStart": "300",
          "clipDuration": "100000",
          "repeat": "true",
          "effect": {
            "name": "transform",
            "param": [
              {
                "name": "transX",
                "value": "250"
              },
              {
                "name": "transY",
                "value": "0"
              },
              {
                "name": "anchorY",
                "value": "105"
              }
            ],
            "animation": [
              {
                "paramName": "scaleX",
                "wrapMode": "intervalRepeat",
                "intervalLength": "1000",
                "key": [
                  {
                    "time": "0",
                    "value": "0"
                  },
                  {
                    "time": "300",
                    "value": "1.3"
                  },
                  {
                    "time": "500",
                    "value": "0.9"
                  },
                  {
                    "time": "700",
                    "value": "1",
                    "curveMode": "inOutQuad",
                    "curvePeriod": "0.3",
                    "curveAmplitude": "1",
                    "curveOvershoot": "1.7"
                  },
                  {
                    "time": "1200",
                    "value": "0.9",
                    "curveMode": "inOutQuad",
                    "curvePeriod": "0.3",
                    "curveAmplitude": "1",
                    "curveOvershoot": "1.7"
                  },
                  {
                    "time": "1700",
                    "value": "1"
                  }
                ]
              },
              {
                "paramName": "scaleY",
                "wrapMode": "intervalRepeat",
                "intervalLength": "1000",
                "key": [
                  {
                    "time": "0",
                    "value": "0"
                  },
                  {
                    "time": "300",
                    "value": "1.3"
                  },
                  {
                    "time": "500",
                    "value": "0.9"
                  },
                  {
                    "time": "700",
                    "value": "1",
                    "curveMode": "inOutQuad",
                    "curvePeriod": "0.3",
                    "curveAmplitude": "1",
                    "curveOvershoot": "1.7"
                  },
                  {
                    "time": "1200",
                    "value": "0.9",
                    "curveMode": "inOutQuad",
                    "curvePeriod": "0.3",
                    "curveAmplitude": "1",
                    "curveOvershoot": "1.7"
                  },
                  {
                    "time": "1700",
                    "value": "1"
                  }
                ]
              },
              {
                "paramName": "rotationZ",
                "wrapMode": "intervalRepeat",
                "intervalLength": "1000",
                "key": [
                  {
                    "time": "0",
                    "value": "15"
                  },
                  {
                    "time": "300",
                    "value": "10"
                  },
                  {
                    "time": "500",
                    "value": "5"
                  },
                  {
                    "time": "700",
                    "value": "0",
                    "curveMode": "inOutQuad",
                    "curvePeriod": "0.3",
                    "curveAmplitude": "1",
                    "curveOvershoot": "1.7"
                  },
                  {
                    "time": "1200",
                    "value": "5",
                    "curveMode": "inOutQuad",
                    "curvePeriod": "0.3",
                    "curveAmplitude": "1",
                    "curveOvershoot": "1.7"
                  },
                  {
                    "time": "1700",
                    "value": "0"
                  }
                ]
              }
            ]
          }
        },
        {
          "source": "tangguo.png",
          "width": "66",
          "height": "68",
          "clipStart": "300",
          "clipDuration": "100000",
          "repeat": "true",
          "effect": {
            "name": "transform",
            "param": [
              {
                "name": "transX",
                "value": "380"
              },
              {
                "name": "transY",
                "value": "50"
              },
              {
                "name": "anchorY",
                "value": "105"
              }
            ],
            "animation": [
              {
                "paramName": "scaleX",
                "wrapMode": "intervalRepeat",
                "intervalLength": "1000",
                "key": [
                  {
                    "time": "0",
                    "value": "0"
                  },
                  {
                    "time": "300",
                    "value": "1.3"
                  },
                  {
                    "time": "500",
                    "value": "0.9"
                  },
                  {
                    "time": "700",
                    "value": "1",
                    "curveMode": "inOutQuad",
                    "curvePeriod": "0.3",
                    "curveAmplitude": "1",
                    "curveOvershoot": "1.7"
                  },
                  {
                    "time": "1200",
                    "value": "0.9",
                    "curveMode": "inOutQuad",
                    "curvePeriod": "0.3",
                    "curveAmplitude": "1",
                    "curveOvershoot": "1.7"
                  },
                  {
                    "time": "1700",
                    "value": "1"
                  }
                ]
              },
              {
                "paramName": "scaleY",
                "wrapMode": "intervalRepeat",
                "intervalLength": "1000",
                "key": [
                  {
                    "time": "0",
                    "value": "0"
                  },
                  {
                    "time": "300",
                    "value": "1.3"
                  },
                  {
                    "time": "500",
                    "value": "0.9"
                  },
                  {
                    "time": "700",
                    "value": "1",
                    "curveMode": "inOutQuad",
                    "curvePeriod": "0.3",
                    "curveAmplitude": "1",
                    "curveOvershoot": "1.7"
                  },
                  {
                    "time": "1200",
                    "value": "0.9",
                    "curveMode": "inOutQuad",
                    "curvePeriod": "0.3",
                    "curveAmplitude": "1",
                    "curveOvershoot": "1.7"
                  },
                  {
                    "time": "1700",
                    "value": "1"
                  }
                ]
              },
              {
                "paramName": "rotationZ",
                "wrapMode": "intervalRepeat",
                "intervalLength": "1000",
                "key": [
                  {
                    "time": "0",
                    "value": "15"
                  },
                  {
                    "time": "300",
                    "value": "10"
                  },
                  {
                    "time": "500",
                    "value": "5"
                  },
                  {
                    "time": "700",
                    "value": "0",
                    "curveMode": "inOutQuad",
                    "curvePeriod": "0.3",
                    "curveAmplitude": "1",
                    "curveOvershoot": "1.7"
                  },
                  {
                    "time": "1200",
                    "value": "5",
                    "curveMode": "inOutQuad",
                    "curvePeriod": "0.3",
                    "curveAmplitude": "1",
                    "curveOvershoot": "1.7"
                  },
                  {
                    "time": "1700",
                    "value": "0"
                  }
                ]
              }
            ]
          }
        },
        {
          "source": "xin.png",
          "width": "72",
          "height": "62",
          "clipStart": "400",
          "clipDuration": "100000",
          "repeat": "true",
          "effect": {
            "name": "transform",
            "param": [
              {
                "name": "transX",
                "value": "80"
              },
              {
                "name": "transY",
                "value": "240"
              },
              {
                "name": "anchorY",
                "value": "105"
              }
            ],
            "animation": [
              {
                "paramName": "scaleX",
                "wrapMode": "intervalRepeat",
                "intervalLength": "1000",
                "key": [
                  {
                    "time": "0",
                    "value": "0"
                  },
                  {
                    "time": "300",
                    "value": "1.3"
                  },
                  {
                    "time": "500",
                    "value": "0.9"
                  },
                  {
                    "time": "700",
                    "value": "1",
                    "curveMode": "inOutQuad",
                    "curvePeriod": "0.3",
                    "curveAmplitude": "1",
                    "curveOvershoot": "1.7"
                  },
                  {
                    "time": "1200",
                    "value": "0.9",
                    "curveMode": "inOutQuad",
                    "curvePeriod": "0.3",
                    "curveAmplitude": "1",
                    "curveOvershoot": "1.7"
                  },
                  {
                    "time": "1700",
                    "value": "1"
                  }
                ]
              },
              {
                "paramName": "scaleY",
                "wrapMode": "intervalRepeat",
                "intervalLength": "1000",
                "key": [
                  {
                    "time": "0",
                    "value": "0"
                  },
                  {
                    "time": "300",
                    "value": "1.3"
                  },
                  {
                    "time": "500",
                    "value": "0.9"
                  },
                  {
                    "time": "700",
                    "value": "1",
                    "curveMode": "inOutQuad",
                    "curvePeriod": "0.3",
                    "curveAmplitude": "1",
                    "curveOvershoot": "1.7"
                  },
                  {
                    "time": "1200",
                    "value": "0.9",
                    "curveMode": "inOutQuad",
                    "curvePeriod": "0.3",
                    "curveAmplitude": "1",
                    "curveOvershoot": "1.7"
                  },
                  {
                    "time": "1700",
                    "value": "1"
                  }
                ]
              },
              {
                "paramName": "rotationZ",
                "wrapMode": "intervalRepeat",
                "intervalLength": "1000",
                "key": [
                  {
                    "time": "0",
                    "value": "15"
                  },
                  {
                    "time": "300",
                    "value": "10"
                  },
                  {
                    "time": "500",
                    "value": "5"
                  },
                  {
                    "time": "700",
                    "value": "0",
                    "curveMode": "inOutQuad",
                    "curvePeriod": "0.3",
                    "curveAmplitude": "1",
                    "curveOvershoot": "1.7"
                  },
                  {
                    "time": "1200",
                    "value": "5",
                    "curveMode": "inOutQuad",
                    "curvePeriod": "0.3",
                    "curveAmplitude": "1",
                    "curveOvershoot": "1.7"
                  },
                  {
                    "time": "1700",
                    "value": "0"
                  }
                ]
              }
            ]
          }
        },
        {
          "source": "liwu.png",
          "width": "60",
          "height": "84",
          "clipStart": "300",
          "clipDuration": "100000",
          "repeat": "true",
          "effect": {
            "name": "transform",
            "param": [
              {
                "name": "transX",
                "value": "200"
              },
              {
                "name": "transY",
                "value": "200"
              },
              {
                "name": "anchorY",
                "value": "105"
              }
            ],
            "animation": [
              {
                "paramName": "scaleX",
                "wrapMode": "intervalRepeat",
                "intervalLength": "1000",
                "key": [
                  {
                    "time": "0",
                    "value": "0"
                  },
                  {
                    "time": "300",
                    "value": "1.3"
                  },
                  {
                    "time": "500",
                    "value": "0.9"
                  },
                  {
                    "time": "700",
                    "value": "1",
                    "curveMode": "inOutQuad",
                    "curvePeriod": "0.3",
                    "curveAmplitude": "1",
                    "curveOvershoot": "1.7"
                  },
                  {
                    "time": "1200",
                    "value": "0.9",
                    "curveMode": "inOutQuad",
                    "curvePeriod": "0.3",
                    "curveAmplitude": "1",
                    "curveOvershoot": "1.7"
                  },
                  {
                    "time": "1700",
                    "value": "1"
                  }
                ]
              },
              {
                "paramName": "scaleY",
                "wrapMode": "intervalRepeat",
                "intervalLength": "1000",
                "key": [
                  {
                    "time": "0",
                    "value": "0"
                  },
                  {
                    "time": "300",
                    "value": "1.3"
                  },
                  {
                    "time": "500",
                    "value": "0.9"
                  },
                  {
                    "time": "700",
                    "value": "1",
                    "curveMode": "inOutQuad",
                    "curvePeriod": "0.3",
                    "curveAmplitude": "1",
                    "curveOvershoot": "1.7"
                  },
                  {
                    "time": "1200",
                    "value": "0.9",
                    "curveMode": "inOutQuad",
                    "curvePeriod": "0.3",
                    "curveAmplitude": "1",
                    "curveOvershoot": "1.7"
                  },
                  {
                    "time": "1700",
                    "value": "1"
                  }
                ]
              },
              {
                "paramName": "rotationZ",
                "wrapMode": "intervalRepeat",
                "intervalLength": "1000",
                "key": [
                  {
                    "time": "0",
                    "value": "15"
                  },
                  {
                    "time": "300",
                    "value": "10"
                  },
                  {
                    "time": "500",
                    "value": "5"
                  },
                  {
                    "time": "700",
                    "value": "0",
                    "curveMode": "inOutQuad",
                    "curvePeriod": "0.3",
                    "curveAmplitude": "1",
                    "curveOvershoot": "1.7"
                  },
                  {
                    "time": "1200",
                    "value": "5",
                    "curveMode": "inOutQuad",
                    "curvePeriod": "0.3",
                    "curveAmplitude": "1",
                    "curveOvershoot": "1.7"
                  },
                  {
                    "time": "1700",
                    "value": "0"
                  }
                ]
              }
            ]
          }
        }
      ],
      "effect": {
        "name": "transform",
        "param": [
          {
            "name": "scaleX",
            "value": "0.8"
          },
          {
            "name": "scaleY",
            "value": "0.8"
          }
        ]
      }
    }
  }
}