<?xml version="1.0" encoding="UTF-8"?>
<storyboard sceneWidth="1280" sceneHeight="720">
	<track source=":1" width="1280" height="720" clipStart="0" clipDuration="1" repeat="true">
		<effect name="basicCC">
			<param name="saturation" value="0.5"/>
		</effect>
		<effect name="fastBlur">
			<param name="radius" value="30"/>
		</effect>
		<effect name="transform">
			<param name="scaleX" value="3.6"/>
			<param name="scaleY" value="3.6"/>
		</effect>
	</track>
	<track source=":1" width="1280" height="720" clipStart="0" clipDuration="1" blendingMode="multiply" repeat="true">
		<effect name="basicCC">
			<param name="saturation" value="0.5"/>
		</effect>
		<effect name="fastBlur">
			<param name="radius" value="30"/>
		</effect>
		<effect name="transform">
			<param name="scaleX" value="3.6"/>
			<param name="scaleY" value="3.6"/>
		</effect>
	</track>
	<track source=":1" width="1280" height="720" clipStart="0" clipDuration="1" repeat="true"/>
</storyboard>
	