<?xml version="1.0" encoding="UTF-8"?>
<storyboard sceneWidth="1280" sceneHeight="720">	 	
	<textTrack source="MeiCam Film" height="75" color="1,1,1,1" posterTimeHint="500" clipStart="0" clipDuration="1001">
		<effect name="transform">
			<animation paramName="opacity" wrapMode="intervalRepeat" intervalLength="1" intervalEndOffset="-500">
				<key time="0" value="0"/>
				<key time="500" value="1"/>
				<key time="501" value="1"/>
				<key time="1001" value="0"/>
			</animation>
		</effect>
	</textTrack>
</storyboard>



