<?xml version="1.0" encoding="UTF-8"?>
<theme replace="1" cover="cover.jpg" name="The Movie" version="4" uuid="3D3A7175-55EE-4ABA-91F2-28C05865C4F6" tag="utility">
	<filterTranslation>        	
		<titleTrans originalText="My Wonderful Moments" targetLanguage="zh_CN" targetText="美摄 记录美好生活"/>
		<trailerTrans originalText="MeiCam Film" targetLanguage="zh_CN" targetText="美摄 电影"/>
	</filterTranslation>
	<!--时间线-->
	<timelineFilterList>
		<filter name="Storyboard">
			<param id="Description File" value="clip0.xml" isPath="1"/>
			<param id="No Background" value="true"/>
		</filter>
		<filter name="Storyboard">
			<param id="Description File" value="clip.xml" isPath="1"/>
		</filter>
	</timelineFilterList>
	<title file="preface.mp4">
		<filterList>
			<filter name="Storyboard">
				<param id="Description File" value="clip_title.xml" isPath="1"/>
			</filter>
		</filterList>
	</title>
	<trailer file="ending.mp4">
		<filterList>
			<filter name="Storyboard">
				<param id="Description File" value="clip_title.xml" isPath="1"/>
			</filter>
		</filterList>
	</trailer>
    <transitionList>
    	<transition name="Dip To Black" occurrence="indices" indices="0,-1">    		
   		</transition>
	<transition name="Fade" occurrence="all">
   		</transition>
    </transitionList>
    <musicTrack>
    	<music file="music.m4a" isPath="1"/>
    </musicTrack>
    <translation>
        <entry originalText="The Movie" targetLanguage="zh_CN" targetText="大电影"/>
		<entry originalText="utility" targetLanguage="zh_CN" targetText="通用"/>
    </translation>
</theme>

