{
  "theme": {
    "replace": "1",
    "cover": "cover.jpg",
    "name": "The Movie",
    "version": "4",
    "uuid": "3D3A717555EE4ABA91F228C05865C4F6",
    "tag": "utility",
    "filterTranslation": {
      "titleTrans": {
        "originalText": "My Wonderful Moments",
        "targetLanguage": "zh_CN",
        "targetText": "美摄 记录美好生活"
      },
      "trailerTrans": {
        "originalText": "MeiCam Film",
        "targetLanguage": "zh_CN",
        "targetText": "美摄 电影"
      }
    },
    "timelineFilterList": {
      "filter": [
        {
          "name": "Storyboard",
          "param": [
            {
              "id": "Description File",
              "value": "clip0.xml",
              "isPath": "1"
            },
            {
              "id": "No Background",
              "value": "true"
            }
          ]
        },
        {
          "name": "Storyboard",
          "param": {
            "id": "Description File",
            "value": "clip.xml",
            "isPath": "1"
          }
        }
      ]
    },
    "title": {
      "file": "preface.mp4",
      "filterList": {
        "filter": {
          "name": "Storyboard",
          "param": {
            "id": "Description File",
            "value": "clip_title.xml",
            "isPath": "1"
          }
        }
      }
    },
    "trailer": {
      "file": "ending.mp4",
      "filterList": {
        "filter": {
          "name": "Storyboard",
          "param": {
            "id": "Description File",
            "value": "clip_title.xml",
            "isPath": "1"
          }
        }
      }
    },
    "transitionList": {
      "transition": [
        {
          "name": "Dip To Black",
          "occurrence": "indices",
          "indices": "0,1"
        },
        {
          "name": "Fade",
          "occurrence": "all"
        }
      ]
    },
    "musicTrack": {
      "music": {
        "file": "music.m4a",
        "isPath": "1"
      }
    },
    "translation": {
      "entry": [
        {
          "originalText": "The Movie",
          "targetLanguage": "zh_CN",
          "targetText": "大电影"
        },
        {
          "originalText": "utility",
          "targetLanguage": "zh_CN",
          "targetText": "通用"
        }
      ]
    }
  }
}