<?xml version="1.0" encoding="UTF-8"?>
<storyboard sceneWidth="1280" sceneHeight="720" stickerCenterX="0" stickerCenterY="0" stickerWidth="220" stickerHeight="160" stickerPosterTimeHint="2400" stickerDuration="2400">
	<track source="cj_00000.png" width="300" height="213" clipStart="0" clipDuration="2400">
		<effect name="transform">
			<animation paramName="opacity">
                <key time="0" value="1"/>
				<key time="99" value="1"/>
				<key time="100" value="0"/>
				<key time="2400" value="0"/>
                </animation>
		</effect>	
	</track>		
	<track source="cj_00001.png" width="300" height="213" clipStart="0" clipDuration="2400">
		<effect name="transform">
			<animation paramName="opacity">
                <key time="0" value="0"/>
				<key time="99" value="0"/>
				<key time="100" value="1"/>
				<key time="199" value="1"/>
				<key time="200" value="0"/>
				<key time="2400" value="0"/>
                </animation>
		</effect>	
	</track>
	<track source="cj_00002.png" width="300" height="213" clipStart="0" clipDuration="2400">
		<effect name="transform">
			<animation paramName="opacity">
                <key time="0" value="0"/>
				<key time="199" value="0"/>
				<key time="200" value="1"/>
				<key time="299" value="1"/>
				<key time="300" value="0"/>
				<key time="2400" value="0"/>
                </animation>
		</effect>	
	</track>
	<track source="cj_00003.png" width="300" height="213" clipStart="0" clipDuration="2400">
		<effect name="transform">
			<animation paramName="opacity">
                <key time="0" value="0"/>
				<key time="299" value="0"/>
				<key time="300" value="1"/>
				<key time="399" value="1"/>
				<key time="400" value="0"/>
				<key time="2400" value="0"/>
                </animation>
		</effect>	
	</track>
	<track source="cj_00004.png" width="300" height="213" clipStart="0" clipDuration="2400">
		<effect name="transform">
			<animation paramName="opacity">
                <key time="0" value="0"/>
				<key time="399" value="0"/>
				<key time="400" value="1"/>
				<key time="499" value="1"/>
				<key time="500" value="0"/>
				<key time="2400" value="0"/>
                </animation>
		</effect>	
	</track>
	<track source="cj_00005.png" width="300" height="213" clipStart="0" clipDuration="2400">
		<effect name="transform">
			<animation paramName="opacity">
                <key time="0" value="0"/>
				<key time="499" value="0"/>
				<key time="500" value="1"/>
				<key time="599" value="1"/>
				<key time="600" value="0"/>
				<key time="2400" value="0"/>
                </animation>
		</effect>	
	</track>
	<track source="cj_00006.png" width="300" height="213" clipStart="0" clipDuration="2400">
		<effect name="transform">
			<animation paramName="opacity">
                <key time="0" value="0"/>
				<key time="599" value="0"/>
				<key time="600" value="1"/>
				<key time="699" value="1"/>
				<key time="700" value="0"/>
				<key time="2400" value="0"/>
                </animation>
		</effect>	
	</track>
	<track source="cj_00007.png" width="300" height="213" clipStart="0" clipDuration="2400">
		<effect name="transform">
			<animation paramName="opacity">
                <key time="0" value="0"/>
				<key time="699" value="0"/>
				<key time="700" value="1"/>
				<key time="799" value="1"/>
				<key time="800" value="0"/>
				<key time="2400" value="0"/>
                </animation>
		</effect>	
	</track>
	<track source="cj_00008.png" width="300" height="213" clipStart="0" clipDuration="2400">
		<effect name="transform">
			<animation paramName="opacity">
                <key time="0" value="0"/>
				<key time="799" value="0"/>
				<key time="800" value="1"/>
				<key time="899" value="1"/>
				<key time="900" value="0"/>
				<key time="2400" value="0"/>
                </animation>
		</effect>	
	</track>
	<track source="cj_00009.png" width="300" height="213" clipStart="0" clipDuration="2400">
		<effect name="transform">
			<animation paramName="opacity">
                <key time="0" value="0"/>
				<key time="899" value="0"/>
				<key time="900" value="1"/>
				<key time="999" value="1"/>
				<key time="1000" value="0"/>
				<key time="2400" value="0"/>
                </animation>
		</effect>	
	</track>
	<track source="cj_00010.png" width="300" height="213" clipStart="0" clipDuration="2400">
		<effect name="transform">
			<animation paramName="opacity">
                <key time="0" value="0"/>
				<key time="999" value="0"/>
				<key time="1000" value="1"/>
				<key time="1099" value="1"/>
				<key time="1100" value="0"/>
				<key time="2400" value="0"/>
                </animation>
		</effect>	
	</track>
	<track source="cj_00011.png" width="300" height="213" clipStart="0" clipDuration="2400">
		<effect name="transform">
			<animation paramName="opacity">
                <key time="0" value="0"/>
				<key time="1099" value="0"/>
				<key time="1100" value="1"/>
				<key time="1199" value="1"/>
				<key time="1200" value="0"/>
				<key time="2400" value="0"/>
                </animation>
		</effect>	
	</track>
	<track source="cj_00012.png" width="300" height="213" clipStart="0" clipDuration="2400">
		<effect name="transform">
			<animation paramName="opacity">
                <key time="0" value="0"/>
				<key time="1199" value="0"/>
				<key time="1200" value="1"/>
				<key time="1299" value="1"/>
				<key time="1300" value="0"/>
				<key time="2400" value="0"/>
                </animation>
		</effect>	
	</track>
		<track source="cj_00013.png" width="300" height="213" clipStart="0" clipDuration="2400">
		<effect name="transform">
			<animation paramName="opacity">
                <key time="0" value="0"/>
				<key time="1299" value="0"/>
				<key time="1300" value="1"/>
				<key time="1399" value="1"/>
				<key time="1400" value="0"/>
				<key time="2400" value="0"/>
                </animation>
		</effect>	
	</track>
	<track source="cj_00014.png" width="300" height="213" clipStart="1400" clipDuration="400" repeat="true">
		<effect name="transform">
			<animation paramName="opacity">
				<key time="0" value="1"/>
				<key time="199" value="1"/>
				<key time="200" value="0"/>
				<key time="400" value="0"/>
            </animation>
		</effect>	
	</track>
	<track source="cj_00015.png" width="300" height="213" clipStart="1400" clipDuration="400" repeat="true">
			<effect name="transform">
			<animation paramName="opacity">
				<key time="0" value="0"/>
				<key time="199" value="0"/>
				<key time="200" value="1"/>
				<key time="400" value="1"/>
            </animation>
		</effect>
	</track>
</storyboard>